iDs,company_name,menuloc,menuvisible,count,parentid,menutid,menulink,site,lang,bgcolor,textcolor,sortid,target,userid,fid,menusort,_source_url,financial_activities_id,financial_activities_name,industry_names,entity_name,license_number,license_date,decision_number,registration_number,state_number,ceo,oldlink,address,source_detail_url
13.0,Даатгал,main,1.0,0.0,10.0,sct,,main,mn,,,1.0,,,0.0,2022-08-01T00:03:31,https://www.frc.mn:5001/api/menu?site=main&lang=mn&position=main&status=1,,,,,,,,,,,,,https://www.frc.mn:5001/api/menu?site=main&lang=mn&position=main&status=1
13.0,Даатгал,main,1.0,0.0,10.0,sct,,main,mn,,,1.0,,,0.0,2022-08-01T00:03:31,https://www.frc.mn:5001/api/menu?site=main&lang=mn&position=main&status=1,,,,,,,,,,,,,https://www.frc.mn:5001/api/menu?site=main&lang=mn&position=main&status=1
13.0,Даатгал,main,1.0,0.0,10.0,sct,,main,mn,,,0.0,,,0.0,2022-08-01T00:03:31,https://www.frc.mn:5001/api/menu/getsubmenu?id=13&site=main&lang=mn&status=1,,,,,,,,,,,,,https://www.frc.mn:5001/api/menu/getsubmenu?id=13&site=main&lang=mn&status=1
252.0,Хүртээмжтэй даатгал,sub,1.0,0.0,13.0,doc/list,,main,mn,,,0.0,,,0.0,2022-06-14T00:01:27,https://www.frc.mn:5001/api/menu/getsubmenu?id=13&site=main&lang=mn&status=1,,,,,,,,,,,,,https://www.frc.mn:5001/api/menu/getsubmenu?id=13&site=main&lang=mn&status=1
,,,,,,,,,,,,,,,,,https://www.frc.mn:5001/api/frc/entity?id=13&otid=0,125592766571188,Даатгал,Даатгалын зуучлагч/Шууд даатгалын/,Тен Икс Коннект ХХК,ТЗ 210/90,3/26/2026 12:00:00 AM,90,7159081,9011879550,Э.Мөнхтөр,,Улаанбаатар Сүхбаатар 6-р хороо Бага тойруу Жем Кастл 810,https://www.frc.mn:5001/api/frc/entity?id=13&otid=0
,,,,,,,,,,,,,,,,,https://www.frc.mn:5001/api/frc/entity?id=13&otid=0,125592766571188,Даатгал,Даатгалын зуучлагч/Шууд даатгалын/,Дэхатун Брокерс ХХК,ТЗ 210/89,12/25/2025 12:00:00 AM,501,7090537,9011872143,Ж.Батчимэг,,Улаанбаатар Сүхбаатар 2-р хороо Сөүлийн гудамж 11/1 3 давхарт,https://www.frc.mn:5001/api/frc/entity?id=13&otid=0
,,,,,,,,,,,,,,,,,https://www.frc.mn:5001/api/frc/entity?id=13&otid=0,125592766571188,Даатгал,Ердийн даатгал,&quot;Үндэстэн женерал даатгал&quot; ХХК,ТЗ 201/26,11/27/2025 12:00:00 AM,464,7139721,9011877470,Ч.Мөнхтогоо,,"   13 Хороолол /13374/, Манлай баатар Дамдинсүрэн гудамж 83/2 оффисын 407 тоот Утас:77301212",https://www.frc.mn:5001/api/frc/entity?id=13&otid=0
,,,,,,,,,,,,,,,,,https://www.frc.mn:5001/api/frc/entity?id=13&otid=0,125592766571188,Даатгал,Даатгалын зуучлагч/Шууд даатгалын/,Токи шоп ХХК,ТЗ 210/88,11/13/2025 12:00:00 AM,446,8422168,9011856716,Д.Жамъяншарав,,Улаанбаатар Сүхбаатар 8-р хороо Сүхбаатарын талбай-2 Сэнтрал тауэр 8 давхар,https://www.frc.mn:5001/api/frc/entity?id=13&otid=0
,,,,,,,,,,,,,,,,,https://www.frc.mn:5001/api/frc/entity?id=13&otid=0,125592766571188,Даатгал,"Даатгалын байгууллагад аудит хийх,  ҮЦЗЗ-д оролцогчид аудитын үйлчилгээ үзүүлэх",&quot;АЛАГ УУЛ ФИНАНС АУДИТ&quot;ХХК,Б353/79,10/23/2025 12:00:00 AM,420,5544173,9018001071,Ж.Ундрахгэрэл,,   Улаанбаатар Баянзүрх дүүрэг 43-р хороо Манлайбаатар Дамдинсүрэн гудамж UB тауэр оффис 303 тоот,https://www.frc.mn:5001/api/frc/entity?id=13&otid=0
,,,,,,,,,,,,,,,,,https://www.frc.mn:5001/api/frc/entity?id=13&otid=0,125592766571188,Даатгал,Урт хугацааны даатгал,Коннектлайф даатгал ХХК,ТЗ 202/03,7/24/2025 12:00:00 AM,283,8427976,9011857158,Б.Чулуунпүрэв,,Улаанбаатар Хан-Уул 11-р хороо Зайсан гудамж 68 01,https://www.frc.mn:5001/api/frc/entity?id=13&otid=0
,,,,,,,,,,,,,,,,,https://www.frc.mn:5001/api/frc/entity?id=13&otid=0,125592766571188,Даатгал,Даатгалын зуучлагч/Шууд даатгалын/,Айшюр ХХК,ТЗ 210/87,2/25/2025 12:00:00 AM,45,8482497,9011861122,Ш.Эрдэнэбилэг,,Улаанбаатар Сүхбаатар 1-р хороо Парис 42 1503,https://www.frc.mn:5001/api/frc/entity?id=13&otid=0
,,,,,,,,,,,,,,,,,https://www.frc.mn:5001/api/frc/entity?id=13&otid=0,125592766571188,Даатгал,Даатгалын зуучлагч/Шууд даатгалын/,ТӨР ЭНХ УРАН ХХК,ТЗ210/86,2/25/2025 12:00:00 AM,43,8484066,9011861243,Б.Ариунбаяр,,Улаанбаатар Сүхбаатар 11-р хороо  72 дугаар байр 4 тоот,https://www.frc.mn:5001/api/frc/entity?id=13&otid=0
,,,,,,,,,,,,,,,,,https://www.frc.mn:5001/api/frc/entity?id=13&otid=0,125592766571188,Даатгал,Ердийн даатгал,Агис менежмент даатгал,201/25,11/25/2024 12:00:00 AM,551,7043689,9011866930,Б.Жавхлан,,Улаанбаатар Сүхбаатар 1-р хороо Чагдаржавын гудамж 32/2 1403,https://www.frc.mn:5001/api/frc/entity?id=13&otid=0
,,,,,,,,,,,,,,,,,https://www.frc.mn:5001/api/frc/entity?id=13&otid=0,125592766571188,Даатгал,ҮЦЗЗ-д оролцогчид аудитын үйлчилгээ үзүүлэх,&quot;Монголын үндэсний тайлагнал аудит&quot; ХХК,Э220/68,10/9/2024 12:00:00 AM,470,6260497,9018001123,Д.Оргилмаа,,"Улаанбаатар Чингэлтэй 5-р хороо Самбуугийн гудамж, М плаза 607",https://www.frc.mn:5001/api/frc/entity?id=13&otid=0
,,,,,,,,,,,,,,,,,https://www.frc.mn:5001/api/frc/entity?id=13&otid=0,125592766571188,Даатгал,Даатгалын хохирол үнэлэгч,&quot;ХААН ҮНЭЛГЭЭ&quot; ХХК,ТЗ211/40,9/30/2024 12:00:00 AM,449,6427111,9011346107,Д.Гантулга,,Улаанбаатар Сүхбаатар 8-р хороо Болгарын гудамж Unity center 401,https://www.frc.mn:5001/api/frc/entity?id=13&otid=0
,,,,,,,,,,,,,,,,,https://www.frc.mn:5001/api/frc/entity?id=13&otid=0,125592766571188,Даатгал,Даатгалын хохирол үнэлэгч,Гранд ассет валью,ТЗ 211/41,9/30/2024 12:00:00 AM,451,7037521,9011866230,Д.Даваахүү,,Улаанбаатар Хан-Уул 16-р хороо Порта Бианка хотхон 45в 104 тоот,https://www.frc.mn:5001/api/frc/entity?id=13&otid=0
,,,,,,,,,,,,,,,,,https://www.frc.mn:5001/api/frc/entity?id=13&otid=0,125592766571188,Даатгал,Даатгалын хохирол үнэлэгч,&quot;ОНЦГОЙ ҮНЭЛГЭЭ&quot; ХХК,ТЗ211/39,8/2/2024 12:00:00 AM,389,8418802,9011856460,А.Цэрэнчунт,,Улаанбаатар Хан-Уул 3-р хороо үйлдвэрийн гудамж 47В 54,https://www.frc.mn:5001/api/frc/entity?id=13&otid=0
,,,,,,,,,,,,,,,,,https://www.frc.mn:5001/api/frc/entity?id=13&otid=0,125592766571188,Даатгал,Даатгалын хохирол үнэлэгч,&quot;ПИННАКЛ ЭКСПЕРТС&quot; ХХК,ТЗ211/38,6/25/2024 12:00:00 AM,312,7018473,9011864122,М.Мягмарцэрэн,,Улаанбаатар Сүхбаатар 6-р хороо Нэгдсэн үндэсний гудамж 47 02,https://www.frc.mn:5001/api/frc/entity?id=13&otid=0
,,,,,,,,,,,,,,,,,https://www.frc.mn:5001/api/frc/entity?id=13&otid=0,125592766571188,Даатгал,Даатгалын зуучлагч/Шууд даатгалын/,НЭТ КЭЙР ХХК,ТЗ210/85,4/29/2024 12:00:00 AM,187,8380627,9011853615,Б.Ариунбаяр,,Улаанбаатар Баянзүрх 6-р хороо  &quot;Барилга МН&quot; оффис 2 давхар,https://www.frc.mn:5001/api/frc/entity?id=13&otid=0
,,,,,,,,,,,,,,,,,https://www.frc.mn:5001/api/frc/entity?id=13&otid=0,125592766571188,Даатгал,Даатгалын хохирол үнэлэгч,&quot;Тэргүүн үнэлгээ&quot; ХХК,ТЗ 211/37,3/29/2024 12:00:00 AM,136,6279422,9011714144,Ч.Манлайбаатар,,Улаанбаатар Хан-Уул 16-р хороо Наадамчдын гудамж Шинэ өргөө 610-4 Утас:9190-2323,https://www.frc.mn:5001/api/frc/entity?id=13&otid=0
,,,,,,,,,,,,,,,,,https://www.frc.mn:5001/api/frc/entity?id=13&otid=0,125592766571188,Даатгал,Ердийн даатгал,&quot;ИНШҮРКО ДААТГАЛ&quot; ХХК,ТЗ 201/24,3/20/2024 12:00:00 AM,94,8437882,9011857876,Б.Солонго,,"Улаанбаатар Сүхбаатар 1-р хороо  Эко интернэйшнл тауэр, 9-р давхар 901, 903 тоот",https://www.frc.mn:5001/api/frc/entity?id=13&otid=0
,,,,,,,,,,,,,,,,,https://www.frc.mn:5001/api/frc/entity?id=13&otid=0,125592766571188,Даатгал,Даатгалын байгууллагад аудит хийх,&quot;СОРОГДОГ ФИНАНС АУДИТ&quot; ХХК,Э220/67,10/25/2023 12:00:00 AM,514,6700306,9011827402,О.Мөнхтуяа,,Улаанбаатар Баянзүрх 16-р хороо 16-р хороолол 53 3,https://www.frc.mn:5001/api/frc/entity?id=13&otid=0
,,,,,,,,,,,,,,,,,https://www.frc.mn:5001/api/frc/entity?id=13&otid=0,125592766571188,Даатгал,Даатгалын байгууллагад аудит хийх,&quot;АЙ ЖЭЙ ЭЙ ЭЙЧ АУДИТ&quot; ХХК,Э220/65,6/2/2023 12:00:00 AM,192,5278376,,,,Улаанбаатар Баянзүрх 15-р хороо Намъянжүнгийн гудамж Коппер плаза 502,https://www.frc.mn:5001/api/frc/entity?id=13&otid=0
,,,,,,,,,,,,,,,,,https://www.frc.mn:5001/api/frc/entity?id=13&otid=0,125592766571188,Даатгал,Даатгалын байгууллагад аудит хийх,&quot;СИЛВЕР СОРОБАН АУДИТ&quot; ХХК,Э220/66,6/2/2023 12:00:00 AM,193,5969034,,,,Улаанбаатар Сүхбаатар 8-р хороо Бага тойруу 8/1 барилга 1504,https://www.frc.mn:5001/api/frc/entity?id=13&otid=0
,,,,,,,,,,,,,,,,,https://www.frc.mn:5001/api/frc/entity?id=13&otid=0,125592766571188,Даатгал,Даатгалын байгууллагад аудит хийх,&quot;НЕКСИА ГЛОБАЛ МОНГОЛИА АУДИТ&quot; ХХК,Э220/64,5/12/2023 12:00:00 AM,153,6761267,,,,Улаанбаатар Сүхбаатар 1-р хороо Олимпын гудамж 32/1 10,https://www.frc.mn:5001/api/frc/entity?id=13&otid=0
,,,,,,,,,,,,,,,,,https://www.frc.mn:5001/api/frc/entity?id=13&otid=0,125592766571188,Даатгал,Даатгалын байгууллагад аудит хийх,СОЛИД ЮНИТИ АУДИТ ХХК,Э220/63,1/25/2023 12:00:00 AM,,6471536,9018018009,,,Улаанбаатар Баянгол 2-р хороо Үндсэн хуулийн гудамж Рокмоон бюлдинг 1003,https://www.frc.mn:5001/api/frc/entity?id=13&otid=0
,,,,,,,,,,,,,,,,,https://www.frc.mn:5001/api/frc/entity?id=13&otid=0,125592766571188,Даатгал,Даатгалын зуучлагч/Шууд даатгалын/,АЙ ЭС КИНГ ШИЙДЭЛ ХХК,ТЗ 210/84,1/13/2023 12:00:00 AM,,6929303,9011844106,М.Золмаа,,Улаанбаатар Чингэлтэй 4-р хороо Самбуугийн гудамж Глобал бизнес центр 403,https://www.frc.mn:5001/api/frc/entity?id=13&otid=0
,,,,,,,,,,,,,,,,,https://www.frc.mn:5001/api/frc/entity?id=13&otid=0,125592766571188,Даатгал,Даатгалын зуучлагч/Шууд даатгалын/,СМАРТ СОНГОЛТ ХХК,ТЗ 210/83,12/23/2022 12:00:00 AM,,6856047,9011838708,Ч.Жалбуу,,Улаанбаатар Сүхбаатар 1-р хороо Олимпийн гудамж Аюуд Тауэр 508,https://www.frc.mn:5001/api/frc/entity?id=13&otid=0
,,,,,,,,,,,,,,,,,https://www.frc.mn:5001/api/frc/entity?id=13&otid=0,125592766571188,Даатгал,Урт хугацааны даатгал,Мандал лайф даатгал ХХК,ТЗ 202/02,10/14/2022 12:00:00 AM,523,5573289,9019097408,Ч.Бат-Эрдэнэ,,Улаанбаатар Сүхбаатар 1-р хороо   ,https://www.frc.mn:5001/api/frc/entity?id=13&otid=0
,,,,,,,,,,,,,,,,,https://www.frc.mn:5001/api/frc/entity?id=13&otid=0,125592766571188,Даатгал,ҮЦЗЗ-д оролцогчид аудитын үйлчилгээ үзүүлэх,&quot;Монголын үндэсний тайлагнал аудит&quot; ХХК,67,9/21/2022 12:00:00 AM,,6260497,9018001123,Д.Оргилмаа,,"Улаанбаатар Чингэлтэй 5-р хороо Самбуугийн гудамж, М плаза 607",https://www.frc.mn:5001/api/frc/entity?id=13&otid=0
,,,,,,,,,,,,,,,,,https://www.frc.mn:5001/api/frc/entity?id=13&otid=0,125592766571188,Даатгал,Даатгалын зуучлагч/Шууд даатгалын/,ДИЖИТАЛ ЗУУЧ ХХК,ТЗ 210/82,8/24/2022 12:00:00 AM,,6821103,9011836167,С.Лхагвасүрэн,,"Улаанбаатар Сүхбаатар 6-р хороо Бага тойруу 24-р байр &quot;Монреимпекс&quot; ХХК-ийн байр 1 давхар, 101 тоот",https://www.frc.mn:5001/api/frc/entity?id=13&otid=0
,,,,,,,,,,,,,,,,,https://www.frc.mn:5001/api/frc/entity?id=13&otid=0,125592766571188,Даатгал,"Даатгалын зуучлагч/Шууд даатгалын/,  Даатгалын зуучлагч/Шууд даатгалын/,  Даатгалын зуучлагч/Шууд даатгалын/",&quot;Ландон Жи Пи&quot; ХХК,ТЗ 210/81,6/8/2022 12:00:00 AM,,6843433,9011837784,П.Баярмаа,,Улаанбаатар Сүхбаатар 10-р хороо Цагдаагийн гудамж  36,https://www.frc.mn:5001/api/frc/entity?id=13&otid=0
,,,,,,,,,,,,,,,,,https://www.frc.mn:5001/api/frc/entity?id=13&otid=0,125592766571188,Даатгал,Даатгалын зуучлагч/Шууд даатгалын/,Блэк Бий ХХК,ТЗ 210/80,5/25/2022 12:00:00 AM,277,6825869,9011836508,Ж.ЦОЛМОН,,Улаанбаатар Сүхбаатар 1-р хороо Олимп гудамж 14 03,https://www.frc.mn:5001/api/frc/entity?id=13&otid=0
,,,,,,,,,,,,,,,,,https://www.frc.mn:5001/api/frc/entity?id=13&otid=0,125592766571188,Даатгал,Даатгалын зуучлагч/Шууд даатгалын/,ДАРХАН ШАРКС ХХК,ТЗ 210/79,5/11/2022 12:00:00 AM,,6840027,9011837540,Т.Жамсрандорж,,   Энхтайвны өргөн чөлөө Собт трэйд ХХК-ийн байр 300,https://www.frc.mn:5001/api/frc/entity?id=13&otid=0
,,,,,,,,,,,,,,,,,https://www.frc.mn:5001/api/frc/entity?id=13&otid=0,125592766571188,Даатгал,Даатгалын зуучлагч/Шууд даатгалын/,ФИНЕКС СИНЕРЖИ ХХК,ТЗ 210/77,1/12/2022 12:00:00 AM,,6714927,9011828493,Л.Цэрэндолгор,,Улаанбаатар Сүхбаатар 1-р хороо Чагдаржавын гудамж 46 701,https://www.frc.mn:5001/api/frc/entity?id=13&otid=0
,,,,,,,,,,,,,,,,,https://www.frc.mn:5001/api/frc/entity?id=13&otid=0,125592766571188,Даатгал,Даатгалын зуучлагч/Шууд даатгалын/,ОЮУ СТАР ХХК,ТЗ 210/76,10/28/2021 12:00:00 AM,,5517141,9011311007,Ц.Оюунтуяа,,Улаанбаатар Чингэлтэй 2-р хороо Ренталон ХХК  309,https://www.frc.mn:5001/api/frc/entity?id=13&otid=0
,,,,,,,,,,,,,,,,,https://www.frc.mn:5001/api/frc/entity?id=13&otid=0,125592766571188,Даатгал,Даатгалын байгууллагад аудит хийх,&quot;АЗУРЕ ХҮЛҮГ АУДИТ&quot; ХХК,Э220/62,9/22/2021 12:00:00 AM,381,6559565,,,,   Сөүлийн гудамж Н энд Н төвийн байр 303,https://www.frc.mn:5001/api/frc/entity?id=13&otid=0
,,,,,,,,,,,,,,,,,https://www.frc.mn:5001/api/frc/entity?id=13&otid=0,125592766571188,Даатгал,Даатгалын зуучлагч/Шууд даатгалын/,АЙ БРОКЕР ХХК,ТЗ 210/75,9/22/2021 12:00:00 AM,,6752918,9011831235,Р.БАТЦЭЦЭГ,,Улаанбаатар Баянгол 2-р хороо  Старс төв 31,https://www.frc.mn:5001/api/frc/entity?id=13&otid=0
,,,,,,,,,,,,,,,,,https://www.frc.mn:5001/api/frc/entity?id=13&otid=0,125592766571188,Даатгал,Ердийн даатгал,Агула даатгал,ТЗ201/23,6/11/2021 12:00:00 AM,227,5554527,9011329088,Д.Долгор,,"Улаанбаатар Сүхбаатар 1-р хороо Олимпын гудамж Нью Хоризонс оффис, 8 давхар, 802 тоот Утас: 72101010",https://www.frc.mn:5001/api/frc/entity?id=13&otid=0
,,,,,,,,,,,,,,,,,https://www.frc.mn:5001/api/frc/entity?id=13&otid=0,125592766571188,Даатгал,Даатгалын байгууллагад аудит хийх,&quot;АШИД БАЛАНС АУДИТ&quot; ХХК,Э220/61,1/13/2021 12:00:00 AM,09,6579671,,,,Улаанбаатар Сүхбаатар 1-р хороо Чагдаржавын гудамж Ориент плаза 202,https://www.frc.mn:5001/api/frc/entity?id=13&otid=0
,,,,,,,,,,,,,,,,,https://www.frc.mn:5001/api/frc/entity?id=13&otid=0,125592766571188,Даатгал,Даатгалын зуучлагч/Шууд даатгалын/,Нэйшнл иншуранс брокерейж сервисэс,210/74,12/23/2020 12:00:00 AM,,6603114,9011820395,Э.Дөлбаяр,,Улаанбаатар Чингэлтэй 1-р хороо Энхтайвны өргөн чөлөө 4 805,https://www.frc.mn:5001/api/frc/entity?id=13&otid=0
,,,,,,,,,,,,,,,,,https://www.frc.mn:5001/api/frc/entity?id=13&otid=0,125592766571188,Даатгал,Даатгалын зуучлагч/Шууд даатгалын/,Профешнл иншурэнс партнер,210/73,11/11/2020 12:00:00 AM,,6495427,9011812859,Г.Ууганцэцэг,,"Улаанбаатар Баянзүрх 1-р хороо Токиогийн гудамж Сайн констракшн 4 давхар, 1 тоот",https://www.frc.mn:5001/api/frc/entity?id=13&otid=0
,,,,,,,,,,,,,,,,,https://www.frc.mn:5001/api/frc/entity?id=13&otid=0,125592766571188,Даатгал,Даатгалын зуучлагч/Шууд даатгалын/,Онч цэгц,210/72,9/23/2020 12:00:00 AM,,6593437,9011819695,Б.Бат-Очир,,Улаанбаатар Баянгол 17-р хороо Ард Аюушийн гудамж 26/1 22,https://www.frc.mn:5001/api/frc/entity?id=13&otid=0
,,,,,,,,,,,,,,,,,https://www.frc.mn:5001/api/frc/entity?id=13&otid=0,125592766571188,Даатгал,Даатгалын зуучлагч/Шууд даатгалын/,УХААЛАГ ИРЭЭДҮЙ ШИЙДЭЛ,210/71,4/8/2020 12:00:00 AM,,6517919,9011814356,М.Дагважаргал,,Улаанбаатар Сүхбаатар 9-р хороо Их тойруу гудамж 54 1103,https://www.frc.mn:5001/api/frc/entity?id=13&otid=0
,,,,,,,,,,,,,,,,,https://www.frc.mn:5001/api/frc/entity?id=13&otid=0,125592766571188,Даатгал,Даатгалын зуучлагч/Шууд даатгалын/,Финс брокерс,210/70,3/25/2020 12:00:00 AM,,6411649,9011796057,Ц.Будмаа,,Улаанбаатар Баянгол 2-р хороо - Эрхи Цогцолбор 507,https://www.frc.mn:5001/api/frc/entity?id=13&otid=0
,,,,,,,,,,,,,,,,,https://www.frc.mn:5001/api/frc/entity?id=13&otid=0,125592766571188,Даатгал,Даатгалын байгууллагад аудит хийх,&quot;АККАУНТ ТРАСТ АУДИТ&quot; ХХК,Э220/60,2/12/2020 12:00:00 AM,72,6469264,,,,Улаанбаатар Баянгол 13-р хороо Ард Аюушийн Дако төв 702,https://www.frc.mn:5001/api/frc/entity?id=13&otid=0
,,,,,,,,,,,,,,,,,https://www.frc.mn:5001/api/frc/entity?id=13&otid=0,125592766571188,Даатгал,Даатгалын хохирол үнэлэгч,&quot;Итгэлт хөрөнгө&quot; ХХК,ТЗ211/36,12/27/2019 12:00:00 AM,,6501052,9011813238,Б.Хатанболд,,Улаанбаатар Баянгол 20-р хороо Ажилчдын гудамж Сигнет барилга 70,https://www.frc.mn:5001/api/frc/entity?id=13&otid=0
,,,,,,,,,,,,,,,,,https://www.frc.mn:5001/api/frc/entity?id=13&otid=0,125592766571188,Даатгал,Банк зуучлагч,Богд банк,210/68,12/16/2019 12:00:00 AM,,5903858,9016001020,,,Улаанбаатар Чингэлтэй 1-р хороо  Бодь цамхаг 4 давхар,https://www.frc.mn:5001/api/frc/entity?id=13&otid=0
,,,,,,,,,,,,,,,,,https://www.frc.mn:5001/api/frc/entity?id=13&otid=0,125592766571188,Даатгал,Даатгалын зуучлагч/Шууд даатгалын/,Ти ди би лизинг,210/67,12/16/2019 12:00:00 AM,,5735513,9011425148,Х.Такецүгү,,Улаанбаатар Сүхбаатар 1-р хороо Энхтайвны өргөн чөлөө Худалдаа хөгжлийн банкны байр ,https://www.frc.mn:5001/api/frc/entity?id=13&otid=0
,,,,,,,,,,,,,,,,,https://www.frc.mn:5001/api/frc/entity?id=13&otid=0,125592766571188,Даатгал,"Андеррайтерийн үйл ажиллагаа,  Банк зуучлагч",Тээвэр хөгжлийн банк ХК,210/66,12/4/2019 12:00:00 AM,,2078201,9016001016,Б.Эрдэнэбаяр,,Улаанбаатар Сүхбаатар 1-р хороо  Шангрилла оффис 15 давхар,https://www.frc.mn:5001/api/frc/entity?id=13&otid=0
,,,,,,,,,,,,,,,,,https://www.frc.mn:5001/api/frc/entity?id=13&otid=0,125592766571188,Даатгал,"Даатгалын хохирол үнэлэгч,  Даатгалын хохирол үнэлэгч",&quot;Энх нахиа&quot; ХХК,ТЗ211/35,8/28/2019 12:00:00 AM,,3123294,0311002008,,,   Цагдаагийн байр 2 202,https://www.frc.mn:5001/api/frc/entity?id=13&otid=0
,,,,,,,,,,,,,,,,,https://www.frc.mn:5001/api/frc/entity?id=13&otid=0,125592766571188,Даатгал,Даатгалын зуучлагч/Шууд даатгалын/,Конкорал,210/65,6/14/2019 12:00:00 AM,,6261876,9011719019,Б.Мөнхтуяа,,Улаанбаатар Чингэлтэй 5-р хороо Их тойруу гудамж Бэст центр 302,https://www.frc.mn:5001/api/frc/entity?id=13&otid=0
,,,,,,,,,,,,,,,,,https://www.frc.mn:5001/api/frc/entity?id=13&otid=0,125592766571188,Даатгал,Даатгалын зуучлагч/Шууд даатгалын/,Цахим капитал ХХК,210/65,5/8/2019 12:00:00 AM,,6359973,9011761150,Б.Золзаяа,,Улаанбаатар Баянзүрх 15-р хороо  Престиж төв 403,https://www.frc.mn:5001/api/frc/entity?id=13&otid=0
,,,,,,,,,,,,,,,,,https://www.frc.mn:5001/api/frc/entity?id=13&otid=0,125592766571188,Даатгал,Даатгалын зуучлагч/Шууд даатгалын/,Амбрелла брокер,210/62,3/13/2019 12:00:00 AM,,6276199,9011714100,Л.Солонго,,Улаанбаатар Сүхбаатар 1-р хороо Жамъянгүний гудамж 6 300,https://www.frc.mn:5001/api/frc/entity?id=13&otid=0
,,,,,,,,,,,,,,,,,https://www.frc.mn:5001/api/frc/entity?id=13&otid=0,125592766571188,Даатгал,"Андеррайтерийн үйл ажиллагаа,  Банк зуучлагч",Тээвэр хөгжлийн банк ХК,9016001016,11/30/2018 12:00:00 AM,,2078201,9016001016,Б.Эрдэнэбаяр,,Улаанбаатар Сүхбаатар 1-р хороо  Шангрилла оффис 15 давхар,https://www.frc.mn:5001/api/frc/entity?id=13&otid=0
,,,,,,,,,,,,,,,,,https://www.frc.mn:5001/api/frc/entity?id=13&otid=0,125592766571188,Даатгал,Даатгалын зуучлагч/Шууд даатгалын/,Хэйва инсур,210/60,10/17/2018 12:00:00 AM,,6321186,9011752001,Б.Дэлгэрдалай,,Улаанбаатар Баянгол 19-р хороо  59 15,https://www.frc.mn:5001/api/frc/entity?id=13&otid=0
,,,,,,,,,,,,,,,,,https://www.frc.mn:5001/api/frc/entity?id=13&otid=0,125592766571188,Даатгал,Банк зуучлагч,Капитрон банк,210/58,8/29/2018 12:00:00 AM,,2677377,9016001012,,,Улаанбаатар Сүхбаатар 1-р хороо Энхтайвны өргөн чөлөө Капитрон банкны байр ,https://www.frc.mn:5001/api/frc/entity?id=13&otid=0
,,,,,,,,,,,,,,,,,https://www.frc.mn:5001/api/frc/entity?id=13&otid=0,125592766571188,Даатгал,Даатгалын зуучлагч/Шууд даатгалын/,Хост рок,210/56,6/6/2018 12:00:00 AM,,6251854,9011714035,Б.Амгаланбаатар,,Улаанбаатар Баянгол 4-р хороо Дунд голын гудамж Монгол түлхүүр ХХК-ийн байр 324А,https://www.frc.mn:5001/api/frc/entity?id=13&otid=0
,,,,,,,,,,,,,,,,,https://www.frc.mn:5001/api/frc/entity?id=13&otid=0,125592766571188,Даатгал,Даатгалын байгууллагад аудит хийх,&quot;ШОНХОР ҮНЭЛГЭЭ АУДИТ&quot; ХХК,5/58,4/4/2018 12:00:00 AM,125,5821975,,Б.Эрдэнэ-Очир,,Улаанбаатар Сүхбаатар 6-р хороо  Метро бизнес төв 603,https://www.frc.mn:5001/api/frc/entity?id=13&otid=0
,,,,,,,,,,,,,,,,,https://www.frc.mn:5001/api/frc/entity?id=13&otid=0,125592766571188,Даатгал,"Даатгалын байгууллагад аудит хийх,  ҮЦЗЗ-д оролцогчид аудитын үйлчилгээ үзүүлэх",Бэйкер тилли далайван Аудит ХХК,ТЗ211/34,4/4/2018 12:00:00 AM,,2018365,9018001041,Ж.ЖаргалсүрэнЦ.Жигдэн,,Улаанбаатар Баянгол 16-р хороо Амарсанаагийн гудамж-5  ,https://www.frc.mn:5001/api/frc/entity?id=13&otid=0
,,,,,,,,,,,,,,,,,https://www.frc.mn:5001/api/frc/entity?id=13&otid=0,125592766571188,Даатгал,Даатгалын зуучлагч/Шууд даатгалын/,Эн И Би Консалтэнси,210/55,4/4/2018 12:00:00 AM,,6105483,9011620115,,,Улаанбаатар Сүхбаатар 1-р хороо Энхтайвны өргөн чөлөө Midtown office ,https://www.frc.mn:5001/api/frc/entity?id=13&otid=0
,,,,,,,,,,,,,,,,,https://www.frc.mn:5001/api/frc/entity?id=13&otid=0,125592766571188,Даатгал,Даатгалын зуучлагч/Шууд даатгалын/,Чанд финтех ХХК,210/51,10/27/2017 12:00:00 AM,,6210198,9011690010,Ц.Төрболд,,Улаанбаатар Чингэлтэй 3-р хороо Жуулчны гудамж Капитал центр 700,https://www.frc.mn:5001/api/frc/entity?id=13&otid=0
,,,,,,,,,,,,,,,,,https://www.frc.mn:5001/api/frc/entity?id=13&otid=0,125592766571188,Даатгал,Даатгалын байгууллагад аудит хийх,ЛАЙЭН АУДИТ ХХК,-,4/12/2017 12:00:00 AM,077,5411521,9018001049,Г.Дэлгэрцэцэг,,Улаанбаатар Баянгол 6-р хороо - Кекүшкюү цамхаг 1204,https://www.frc.mn:5001/api/frc/entity?id=13&otid=0
,,,,,,,,,,,,,,,,,https://www.frc.mn:5001/api/frc/entity?id=13&otid=0,125592766571188,Даатгал,Даатгалын байгууллагад аудит хийх,ЛАЙЭН АУДИТ ХХК,-,4/12/2017 12:00:00 AM,38,5411521,9018001049,Г.Дэлгэрцэцэг,,Улаанбаатар Баянгол 6-р хороо - Кекүшкюү цамхаг 1204,https://www.frc.mn:5001/api/frc/entity?id=13&otid=0
,,,,,,,,,,,,,,,,,https://www.frc.mn:5001/api/frc/entity?id=13&otid=0,125592766571188,Даатгал,Даатгалын зуучлагч/Шууд даатгалын/,Амарди дижитал ХХК,210/50,3/10/2017 12:00:00 AM,045,5560306,9011327146,Д.Отгонбаяр,,Улаанбаатар Чингэлтэй 4-р хороо - Засгийн газрын 11-р байр 1203,https://www.frc.mn:5001/api/frc/entity?id=13&otid=0
,,,,,,,,,,,,,,,,,https://www.frc.mn:5001/api/frc/entity?id=13&otid=0,125592766571188,Даатгал,Даатгалын зуучлагч/Шууд даатгалын/,Дэвжих зууч,210/49,1/13/2017 12:00:00 AM,009,2714205,9011030112,Б.Нарантуяа,,Улаанбаатар Сонгинохайрхан 32-р хороо Олон улсын Логистикийн төв 48 мкв 1,https://www.frc.mn:5001/api/frc/entity?id=13&otid=0
,,,,,,,,,,,,,,,,,https://www.frc.mn:5001/api/frc/entity?id=13&otid=0,125592766571188,Даатгал,Даатгалын байгууллагад аудит хийх,Мэжик Консалтинг Аудит,5/57,12/14/2016 12:00:00 AM,293,5354595,9018001045,С.Мөнхбаяр,,Улаанбаатар Чингэлтэй 1-р хороо  Гандирс цамхаг 5-504,https://www.frc.mn:5001/api/frc/entity?id=13&otid=0
,,,,,,,,,,,,,,,,,https://www.frc.mn:5001/api/frc/entity?id=13&otid=0,125592766571188,Даатгал,Даатгалын хохирол үнэлэгч,&quot;ТОД ҮНЭЛГЭЭ&quot;,233/32,12/14/2016 12:00:00 AM,291,6051014,9011597046,С.Энхбаатар,,Улаанбаатар Баянзүрх 14-р хороо Нарны замын 51 97 23 тоот,https://www.frc.mn:5001/api/frc/entity?id=13&otid=0
,,,,,,,,,,,,,,,,,https://www.frc.mn:5001/api/frc/entity?id=13&otid=0,125592766571188,Даатгал,"Даатгал, давхар даатгалын зуучлагч,  Даатгалын зуучлагч/Шууд даатгалын/",Ковер хилл,210/46,5/17/2016 12:00:00 AM,148,6019366,9011574047,Г.Энхтайван,,Улаанбаатар Сүхбаатар 6-р хороо - Монреимпексийн байр 306 тоот,https://www.frc.mn:5001/api/frc/entity?id=13&otid=0
,,,,,,,,,,,,,,,,,https://www.frc.mn:5001/api/frc/entity?id=13&otid=0,125592766571188,Даатгал,Даатгалын зуучлагч/Шууд даатгалын/,Эн ай си брокер,210/47,5/17/2016 12:00:00 AM,149,5056942,9011056130,Т.Баасанжав,,Улаанбаатар Сүхбаатар 1-р хороо Сөүлийн гудамж Од плаза төв 502,https://www.frc.mn:5001/api/frc/entity?id=13&otid=0
,,,,,,,,,,,,,,,,,https://www.frc.mn:5001/api/frc/entity?id=13&otid=0,125592766571188,Даатгал,Даатгалын хохирол үнэлэгч,&quot;МӨНХ ЭСТИМЭЙТ ҮНЭЛГЭЭ&quot;,233/29,3/4/2016 12:00:00 AM,055,6040225,9018001041,Х.Калимат,,Улаанбаатар Баянзүрх 13-р хороо 16-р гудамж  586,https://www.frc.mn:5001/api/frc/entity?id=13&otid=0
,,,,,,,,,,,,,,,,,https://www.frc.mn:5001/api/frc/entity?id=13&otid=0,125592766571188,Даатгал,"Даатгалын байгууллагад аудит хийх,  ҮЦЗЗ-д оролцогчид аудитын үйлчилгээ үзүүлэх",&quot;МИШЭЭЛ-ОД АУДИТ&quot; ХХК,4./56,2/27/2016 12:00:00 AM,41,5201233,9018001016,Т.Одончимэг,,"Улаанбаатар Баянгол 2-р хороо Энхтайвны өргөн чөлөө Тайм Центр 601, 603 тоот",https://www.frc.mn:5001/api/frc/entity?id=13&otid=0
,,,,,,,,,,,,,,,,,https://www.frc.mn:5001/api/frc/entity?id=13&otid=0,125592766571188,Даатгал,"Даатгалын байгууллагад аудит хийх,  ҮЦЗЗ-д оролцогчид аудитын үйлчилгээ үзүүлэх",&quot;МИШЭЭЛ-ОД АУДИТ&quot; ХХК,42,1/29/2016 12:00:00 AM,,5201233,9018001016,Т.Одончимэг,,"Улаанбаатар Баянгол 2-р хороо Энхтайвны өргөн чөлөө Тайм Центр 601, 603 тоот",https://www.frc.mn:5001/api/frc/entity?id=13&otid=0
,,,,,,,,,,,,,,,,,https://www.frc.mn:5001/api/frc/entity?id=13&otid=0,125592766571188,Даатгал,Даатгалын байгууллагад аудит хийх,&quot;МОНГОЛИАН БИЗНЕС РЕЙТИНГ АУДИТ&quot; ХХК,39,1/20/2016 12:00:00 AM,09,5815061,9018001083,Д.Түмэнжаргал,,Улаанбаатар Баянзүрх 6-р хороо  Барилгачдын группийн байр 301,https://www.frc.mn:5001/api/frc/entity?id=13&otid=0
,,,,,,,,,,,,,,,,,https://www.frc.mn:5001/api/frc/entity?id=13&otid=0,125592766571188,Даатгал,Даатгалын байгууллагад аудит хийх,&quot;МОНГОЛИАН БИЗНЕС РЕЙТИНГ АУДИТ&quot; ХХК,39,1/20/2016 12:00:00 AM,09,5815061,9018001083,Д.Түмэнжаргал,,Улаанбаатар Баянзүрх 6-р хороо  Барилгачин группийн байр 301 тоот,https://www.frc.mn:5001/api/frc/entity?id=13&otid=0
,,,,,,,,,,,,,,,,,https://www.frc.mn:5001/api/frc/entity?id=13&otid=0,125592766571188,Даатгал,Даатгалын байгууллагад аудит хийх,&quot;МОНГОЛИАН БИЗНЕС РЕЙТИНГ АУДИТ&quot; ХХК,4./52,1/20/2016 12:00:00 AM,05,5815061,9018001083,Д.Түмэнжаргал,,Улаанбаатар Баянзүрх 6-р хороо  Барилгачдын группийн байр 301,https://www.frc.mn:5001/api/frc/entity?id=13&otid=0
,,,,,,,,,,,,,,,,,https://www.frc.mn:5001/api/frc/entity?id=13&otid=0,125592766571188,Даатгал,Даатгалын байгууллагад аудит хийх,&quot;МОНГОЛИАН БИЗНЕС РЕЙТИНГ АУДИТ&quot; ХХК,4./52,1/20/2016 12:00:00 AM,05,5815061,9018001083,Д.Түмэнжаргал,,Улаанбаатар Баянзүрх 6-р хороо  Барилгачин группийн байр 301 тоот,https://www.frc.mn:5001/api/frc/entity?id=13&otid=0
,,,,,,,,,,,,,,,,,https://www.frc.mn:5001/api/frc/entity?id=13&otid=0,125592766571188,Даатгал,Даатгалын байгууллагад аудит хийх,&quot;МҮҮН ЛАЙТ ФИНАНС АУДИТ&quot; ХХК,38,1/20/2016 12:00:00 AM,04,5846722,9018001094,А.Саранчимэг,,Улаанбаатар Чингэлтэй 4-р хороо Самбуугийн гудамж &quot;Зоос гоёл&quot; ХХК-ийн байр 213,https://www.frc.mn:5001/api/frc/entity?id=13&otid=0
,,,,,,,,,,,,,,,,,https://www.frc.mn:5001/api/frc/entity?id=13&otid=0,125592766571188,Даатгал,Даатгалын байгууллагад аудит хийх,&quot;МҮҮН ЛАЙТ ФИНАНС АУДИТ&quot; ХХК,38,1/20/2016 12:00:00 AM,04,5846722,9018001094,А.Саранчимэг,,"Улаанбаатар Чингэлтэй 4-р хороо Самбуугийн гудамж &quot;Зоос гоёл&quot; ХХК-ийн байр, 213 тоот",https://www.frc.mn:5001/api/frc/entity?id=13&otid=0
,,,,,,,,,,,,,,,,,https://www.frc.mn:5001/api/frc/entity?id=13&otid=0,125592766571188,Даатгал,Даатгалын байгууллагад аудит хийх,&quot;МҮҮН ЛАЙТ ФИНАНС АУДИТ&quot; ХХК,4./54,1/20/2016 12:00:00 AM,12,5846722,9018001094,А.Саранчимэг,,Улаанбаатар Чингэлтэй 4-р хороо Самбуугийн гудамж &quot;Зоос гоёл&quot; ХХК-ийн байр 213,https://www.frc.mn:5001/api/frc/entity?id=13&otid=0
,,,,,,,,,,,,,,,,,https://www.frc.mn:5001/api/frc/entity?id=13&otid=0,125592766571188,Даатгал,Даатгалын байгууллагад аудит хийх,&quot;МҮҮН ЛАЙТ ФИНАНС АУДИТ&quot; ХХК,4./54,1/20/2016 12:00:00 AM,12,5846722,9018001094,А.Саранчимэг,,"Улаанбаатар Чингэлтэй 4-р хороо Самбуугийн гудамж &quot;Зоос гоёл&quot; ХХК-ийн байр, 213 тоот",https://www.frc.mn:5001/api/frc/entity?id=13&otid=0
,,,,,,,,,,,,,,,,,https://www.frc.mn:5001/api/frc/entity?id=13&otid=0,125592766571188,Даатгал,Даатгалын байгууллагад аудит хийх,&quot;САНХҮҮЧ АУДИТ&quot; ХХК,4./51.,1/20/2016 12:00:00 AM,08,5213657,9018001019,Б.Алтанцэцэг,,    Москва бизнес төв 602 тоот,https://www.frc.mn:5001/api/frc/entity?id=13&otid=0
,,,,,,,,,,,,,,,,,https://www.frc.mn:5001/api/frc/entity?id=13&otid=0,125592766571188,Даатгал,"Даатгалын байгууллагад аудит хийх,  ҮЦЗЗ-д оролцогчид аудитын үйлчилгээ үзүүлэх",&quot;ДУНДМАНХАЙДАЙ АУДИТ&quot; ХХК,4./53,1/20/2016 12:00:00 AM,11,5296129,9018001065,Ж.БЯМБАЖАВ,,Улаанбаатар Чингэлтэй 2-р хороо Их найман шарга төв  10-р давхар,https://www.frc.mn:5001/api/frc/entity?id=13&otid=0
,,,,,,,,,,,,,,,,,https://www.frc.mn:5001/api/frc/entity?id=13&otid=0,125592766571188,Даатгал,"Даатгалын байгууллагад аудит хийх,  ҮЦЗЗ-д оролцогчид аудитын үйлчилгээ үзүүлэх",&quot;ДУНДМАНХАЙДАЙ АУДИТ&quot; ХХК,40,1/20/2016 12:00:00 AM,,5296129,9018001065,Ж.БЯМБАЖАВ,,Улаанбаатар Чингэлтэй 2-р хороо Их найман шарга төв  10-р давхар,https://www.frc.mn:5001/api/frc/entity?id=13&otid=0
,,,,,,,,,,,,,,,,,https://www.frc.mn:5001/api/frc/entity?id=13&otid=0,125592766571188,Даатгал,"Даатгалын байгууллагад аудит хийх,  ҮЦЗЗ-д оролцогчид аудитын үйлчилгээ үзүүлэх",&quot;РЕЛАЭНС СЕКЮРИТИЗ АУДИТ&quot;ХХК,4./50.,12/17/2015 12:00:00 AM,434,5468639,9018001060,Ж.Цэцэгмаа,,Улаанбаатар Хан-Уул 10-р хороо Нисэх 60/1 59,https://www.frc.mn:5001/api/frc/entity?id=13&otid=0
,,,,,,,,,,,,,,,,,https://www.frc.mn:5001/api/frc/entity?id=13&otid=0,125592766571188,Даатгал,Даатгалын хохирол үнэлэгч,&quot;ВИННЭРВЭЙ ҮНЭЛГЭЭ&quot; ХХК,233/26,12/17/2015 12:00:00 AM,436,5518113,9011309097,О.Бат-Эрдэнэ,,Улаанбаатар Сүхбаатар 5-р хороо 5-р хороолол 1-р байрны 2 тоот,https://www.frc.mn:5001/api/frc/entity?id=13&otid=0
,,,,,,,,,,,,,,,,,https://www.frc.mn:5001/api/frc/entity?id=13&otid=0,125592766571188,Даатгал,Даатгалын хохирол үнэлэгч,&quot;СҮЛД ҮНЭЛГЭЭ&quot; ХХК,233/25,12/17/2015 12:00:00 AM,435,5957494,9011542112,И.Золзаяа,,Улаанбаатар Баянгол 2-р хороо Сөүлийн гудамж 45/2 602,https://www.frc.mn:5001/api/frc/entity?id=13&otid=0
,,,,,,,,,,,,,,,,,https://www.frc.mn:5001/api/frc/entity?id=13&otid=0,125592766571188,Даатгал,Даатгалын хохирол үнэлэгч,&quot;ТЭНЦВЭР ЭСТИМЭЙТ ҮНЭЛГЭЭ&quot;,233/27,12/17/2015 12:00:00 AM,438,5674123,9011393027,М.Насанбат,,Улаанбаатар Сонгинохайрхан 14-р хороо Өнөр хорооллын гудамж Өнөр хороолол /18040/ 38/2 тоот,https://www.frc.mn:5001/api/frc/entity?id=13&otid=0
,,,,,,,,,,,,,,,,,https://www.frc.mn:5001/api/frc/entity?id=13&otid=0,125592766571188,Даатгал,Даатгалын зуучлагч/Шууд даатгалын/,Ай ай би,232/44,11/23/2015 12:00:00 AM,391,5986826,9011553068,Ц.Долгорсүрэн,,Улаанбаатар Хан-Уул 15-р хороо  Цэнгэлдэх хотхон 210 р байр 202,https://www.frc.mn:5001/api/frc/entity?id=13&otid=0
,,,,,,,,,,,,,,,,,https://www.frc.mn:5001/api/frc/entity?id=13&otid=0,125592766571188,Даатгал,Даатгалын зуучлагч/Шууд даатгалын/,Монголиан иншуранс брокерейж,210/43,11/23/2015 12:00:00 AM,390,6005942,9011572056,Т.Нацагдорж,,   Үйлдвэрийн төвийн бүс(16010) 108-р байр 50 тоот,https://www.frc.mn:5001/api/frc/entity?id=13&otid=0
,,,,,,,,,,,,,,,,,https://www.frc.mn:5001/api/frc/entity?id=13&otid=0,125592766571188,Даатгал,Даатгалын хохирол үнэлэгч,&quot;БАНХАС&quot;,233/24,9/11/2015 12:00:00 AM,365,4270312,9011438049,Б.Болдбаатар,200040,Дархан-Уул Дархан 10-р баг 5-р хороолол ингис хаан банкны байр 105 тоот,https://www.frc.mn:5001/api/frc/entity?id=13&otid=0
,,,,,,,,,,,,,,,,,https://www.frc.mn:5001/api/frc/entity?id=13&otid=0,125592766571188,Даатгал,Даатгалын зуучлагч/Шууд даатгалын/,Тус брокерс,210/42,8/28/2015 12:00:00 AM,348,5932416,9011525079,Н.Халиунаа,,Улаанбаатар Сүхбаатар 6-р хороо НҮБ-ын гудамж 27 2,https://www.frc.mn:5001/api/frc/entity?id=13&otid=0
,,,,,,,,,,,,,,,,,https://www.frc.mn:5001/api/frc/entity?id=13&otid=0,125592766571188,Даатгал,Даатгалын байгууллагад аудит хийх,&quot;СИ ЭС АЙ АУДИТ&quot; ХХК,35,8/5/2015 12:00:00 AM,338,5303001,9018001044,М.Сэвжидмаа,,Улаанбаатар Чингэлтэй 4-р хороо Сүхбаатарын гудамж Цэцээ гүн 206,https://www.frc.mn:5001/api/frc/entity?id=13&otid=0
,,,,,,,,,,,,,,,,,https://www.frc.mn:5001/api/frc/entity?id=13&otid=0,125592766571188,Даатгал,Даатгалын байгууллагад аудит хийх,&quot;НИЙСЛЭЛ-АУДИТ&quot;ХХК,33,4/10/2015 12:00:00 AM,157,5009766,9011005110,Т.Сугарсүрэн,,Улаанбаатар Сүхбаатар 6-р хороо Бага тойруу 44 байр 1 тоот,https://www.frc.mn:5001/api/frc/entity?id=13&otid=0
,,,,,,,,,,,,,,,,,https://www.frc.mn:5001/api/frc/entity?id=13&otid=0,125592766571188,Даатгал,Даатгалын байгууллагад аудит хийх,&quot;ЭНИЧ-АУДИТ&quot;ХХК,34,4/10/2015 12:00:00 AM,202,2811391,9018001011,Г.Чинтуяа,,Улаанбаатар Сүхбаатар 2-р хороо 5-р хороолол Сөүл 11/1 байр 502,https://www.frc.mn:5001/api/frc/entity?id=13&otid=0
,,,,,,,,,,,,,,,,,https://www.frc.mn:5001/api/frc/entity?id=13&otid=0,125592766571188,Даатгал,Даатгалын хохирол үнэлэгч,&quot;ХАС ҮНЭЛГЭЭ&quot;,233/22,4/10/2015 12:00:00 AM,200,5873924,0000086318,Э.Даваасүрэн,,Улаанбаатар Хан-Уул 3-р хороо С.Шаравын гудамж 32 1 тоот,https://www.frc.mn:5001/api/frc/entity?id=13&otid=0
,,,,,,,,,,,,,,,,,https://www.frc.mn:5001/api/frc/entity?id=13&otid=0,125592766571188,Даатгал,Даатгалын хохирол үнэлэгч,&quot;ХӨРӨНГӨ-ЭСТИМЭЙТ ҮНЭЛГЭЭ&quot; ХХК,233/23,4/10/2015 12:00:00 AM,201,5932424,9011525080,С.Цэвээнжав,,"Улаанбаатар Баянзүрх 13-р хороо   Худалдаа, үйлчилгээний төвийн хагас подваль",https://www.frc.mn:5001/api/frc/entity?id=13&otid=0
,,,,,,,,,,,,,,,,,https://www.frc.mn:5001/api/frc/entity?id=13&otid=0,125592766571188,Даатгал,Даатгалын зуучлагч/Шууд даатгалын/,Арм интернэйшнл,210/40,3/11/2015 12:00:00 AM,125,2096935,9011105147,Э.Жавхлан,,Улаанбаатар Хан-Уул 17-р хороо Дүнжингаравын гудамж 25-р байр 1 тоот,https://www.frc.mn:5001/api/frc/entity?id=13&otid=0
,,,,,,,,,,,,,,,,,https://www.frc.mn:5001/api/frc/entity?id=13&otid=0,125592766571188,Даатгал,Даатгалын байгууллагад аудит хийх,ГРОУТ ФИНАНС АУДИТ ХХК,32,2/26/2015 12:00:00 AM,119,5742293,9018001078,Б.Бямба,,Улаанбаатар Баянгол 2-р хороо Сөүлийн гудамж Эрхи төвийн 6-р давхар 603 тоот,https://www.frc.mn:5001/api/frc/entity?id=13&otid=0
,,,,,,,,,,,,,,,,,https://www.frc.mn:5001/api/frc/entity?id=13&otid=0,125592766571188,Даатгал,"Даатгалын байгууллагад аудит хийх,  ҮЦЗЗ-д оролцогчид аудитын үйлчилгээ үзүүлэх",&quot;РЕЛАЭНС СЕКЮРИТИЗ АУДИТ&quot;ХХК,31,2/25/2015 12:00:00 AM,120,5468639,9018001060,Ж.Цэцэгмаа,,Улаанбаатар Хан-Уул 10-р хороо Нисэх 60/1 59,https://www.frc.mn:5001/api/frc/entity?id=13&otid=0
,,,,,,,,,,,,,,,,,https://www.frc.mn:5001/api/frc/entity?id=13&otid=0,125592766571188,Даатгал,Даатгалын зуучлагч/Шууд даатгалын/,Цагаан гэрэлт,232/39,2/25/2015 12:00:00 AM,121,3560074,1011005128,Б.Эрдэнэтогтох,,Улаанбаатар Хан-Уул 2-р хороо Энх тайвны өргөн чөлөө Их хуралдай оффис төв 801,https://www.frc.mn:5001/api/frc/entity?id=13&otid=0
,,,,,,,,,,,,,,,,,https://www.frc.mn:5001/api/frc/entity?id=13&otid=0,125592766571188,Даатгал,"Даатгалын хохирол үнэлэгч,  ҮЦЗЗ-д оролцогчид үнэлгээ хийх",ФАЙН ЭСТИМЭЙТ ҮНЭЛГЭЭ ХХК,19,2/25/2015 12:00:00 AM,,5353459,9011223011,Н.Цолмонгэрэл,,Улаанбаатар Чингэлтэй 6-р хороо - Ялалт плаза 1002 тоот,https://www.frc.mn:5001/api/frc/entity?id=13&otid=0
,,,,,,,,,,,,,,,,,https://www.frc.mn:5001/api/frc/entity?id=13&otid=0,125592766571188,Даатгал,Даатгалын байгууллагад аудит хийх,ГРОУТ ФИНАНС АУДИТ ХХК,18,2/15/2015 12:00:00 AM,117,5742293,9018001078,Б.Бямба,,Улаанбаатар Баянгол 2-р хороо Сөүлийн гудамж Эрхи төвийн 6-р давхар 603 тоот,https://www.frc.mn:5001/api/frc/entity?id=13&otid=0
,,,,,,,,,,,,,,,,,https://www.frc.mn:5001/api/frc/entity?id=13&otid=0,125592766571188,Даатгал,Даатгалын байгууллагад аудит хийх,&quot;ОНЧ АУДИТ&quot; ХХК,4./49,2/12/2015 12:00:00 AM,95,2810743,9018001003,Ш.Норжинбат,,Улаанбаатар Сүхбаатар 1-р хороо Жамьян гүн гудамж ОУХТөв цамхаг 15 давхарт,https://www.frc.mn:5001/api/frc/entity?id=13&otid=0
,,,,,,,,,,,,,,,,,https://www.frc.mn:5001/api/frc/entity?id=13&otid=0,125592766571188,Даатгал,Даатгалын хохирол үнэлэгч,&quot;КОСТИ-ЭСТИМЭЙТ ҮНЭЛГЭЭ&quot; ХХК,233/21,2/12/2015 12:00:00 AM,98,5903033,9011518012,С.Өнөржаргал,,Улаанбаатар Баянгол 4-р хороо Замчид 21-р байр 1-р давхар Б хэсэг,https://www.frc.mn:5001/api/frc/entity?id=13&otid=0
,,,,,,,,,,,,,,,,,https://www.frc.mn:5001/api/frc/entity?id=13&otid=0,125592766571188,Даатгал,Даатгалын байгууллагад аудит хийх,&quot;ПИ КЭЙ ЭФ МОНГОЛИА АУДИТ&quot;ХХК,30,1/21/2015 12:00:00 AM,33,2565617,9018001031,А.Ачитмаа,,Улаанбаатар Баянгол 16-р хороо Амарсанаагийн гудамж Колорадо бизнес төв 202,https://www.frc.mn:5001/api/frc/entity?id=13&otid=0
,,,,,,,,,,,,,,,,,https://www.frc.mn:5001/api/frc/entity?id=13&otid=0,125592766571188,Даатгал,Даатгалын зуучлагч/Шууд даатгалын/,Мастер шийдэл,210/38,1/21/2015 12:00:00 AM,45,5908345,9011513104,П.Болорчулуун,,Улаанбаатар Чингэлтэй 1-р хороо Жуулчны гудамж Арт хаус оффисын байр 44,https://www.frc.mn:5001/api/frc/entity?id=13&otid=0
,,,,,,,,,,,,,,,,,https://www.frc.mn:5001/api/frc/entity?id=13&otid=0,125592766571188,Даатгал,Давхар даатгалын компани,Үндэсний давхар даатгал,ТЗ 203/01,1/21/2015 12:00:00 AM,08,5885612,9010001126,Б.Жавхлант,,"Улаанбаатар Сүхбаатар 1-р хороо Чингисийн өргөн чөлөө 10Б байр, Бизнес тауэр 20 давхар Утас:75770002",https://www.frc.mn:5001/api/frc/entity?id=13&otid=0
,,,,,,,,,,,,,,,,,https://www.frc.mn:5001/api/frc/entity?id=13&otid=0,125592766571188,Даатгал,Даатгалын байгууллагад аудит хийх,&quot;ГЛОБАЛ КАПИТАЛ АУДИТ&quot;ХХК,5./46,1/14/2015 12:00:00 AM,13,5809053,9018001081,Д.Энхтуяа,,Улаанбаатар Чингэлтэй 2-р хороо Төмөрчний гудамж Арга билэг 304,https://www.frc.mn:5001/api/frc/entity?id=13&otid=0
,,,,,,,,,,,,,,,,,https://www.frc.mn:5001/api/frc/entity?id=13&otid=0,125592766571188,Даатгал,Даатгалын байгууллагад аудит хийх,&quot;ХОНГОРЫН ҮР САД АУДИТ&quot;ХХК,5./48,1/14/2015 12:00:00 AM,16,3125416,311002145,Б.Бямбаа,,     ,https://www.frc.mn:5001/api/frc/entity?id=13&otid=0
,,,,,,,,,,,,,,,,,https://www.frc.mn:5001/api/frc/entity?id=13&otid=0,125592766571188,Даатгал,Даатгалын байгууллагад аудит хийх,&quot;ХОНГОРЫН ҮР САД АУДИТ&quot;ХХК,5./48,1/14/2015 12:00:00 AM,16,3125416,311002145,Б.Бямбаа,,    Мэдээлэ холбоо сүлжээ ТӨК-ийн байр 210,https://www.frc.mn:5001/api/frc/entity?id=13&otid=0
,,,,,,,,,,,,,,,,,https://www.frc.mn:5001/api/frc/entity?id=13&otid=0,125592766571188,Даатгал,"Даатгалын байгууллагад аудит хийх,  ҮЦЗЗ-д оролцогчид аудитын үйлчилгээ үзүүлэх",&quot;ИХ МОНГОЛ ХӨЛӨГ АУДИТ&quot;ХХК,5./47,1/14/2015 12:00:00 AM,14,3856399,9011430010,С.Тунгалаг,,Улаанбаатар Баянгол 2-р хороо Энхтайвны өргөн чөлөө Гранд плаза цогцолбор 808,https://www.frc.mn:5001/api/frc/entity?id=13&otid=0
,,,,,,,,,,,,,,,,,https://www.frc.mn:5001/api/frc/entity?id=13&otid=0,125592766571188,Даатгал,Даатгалын байгууллагад аудит хийх,&quot;Б ЭНД С АУДИТ&quot;ХХК,27,12/10/2014 12:00:00 AM,432,2549654,9018001001,,,Улаанбаатар Хан-Уул 3-р хороо Чингисийн өргөн чөлөө Орхон дунд сургууль 10-3 209,https://www.frc.mn:5001/api/frc/entity?id=13&otid=0
,,,,,,,,,,,,,,,,,https://www.frc.mn:5001/api/frc/entity?id=13&otid=0,125592766571188,Даатгал,Даатгалын зуучлагч/Шууд даатгалын/,Монгол бичээч зууч,210/36,11/19/2014 12:00:00 AM,403,5885183,9011506142,Ч.Энхгэрэл,,Улаанбаатар Хан-Уул 3-р хороо Энгельсийн гудамж 5 203,https://www.frc.mn:5001/api/frc/entity?id=13&otid=0
,,,,,,,,,,,,,,,,,https://www.frc.mn:5001/api/frc/entity?id=13&otid=0,125592766571188,Даатгал,Даатгалын зуучлагч/Шууд даатгалын/,Дэвжих дэлгэрэх холдинг,210/34,11/5/2014 12:00:00 AM,403,5897599,9011508094,Л.Гэсэр,,"   Олон улсын ложистикийн төв, Дэвжих дэлгэрэх холдинг ХХК ",https://www.frc.mn:5001/api/frc/entity?id=13&otid=0
,,,,,,,,,,,,,,,,,https://www.frc.mn:5001/api/frc/entity?id=13&otid=0,125592766571188,Даатгал,Банк зуучлагч,Голомт банк,210/33,10/21/2014 12:00:00 AM,358,2075377,9016001014,Г.Ганболд,,Улаанбаатар Чингэлтэй 1-р хороо Сүхбаатарын гудамж Бодь цамхаг ,https://www.frc.mn:5001/api/frc/entity?id=13&otid=0
,,,,,,,,,,,,,,,,,https://www.frc.mn:5001/api/frc/entity?id=13&otid=0,125592766571188,Даатгал,"Банк зуучлагч,  Кастодианы үйл ажиллагаа эрхлэх",Худалдаа хөгжлийн банк,3,10/21/2014 12:00:00 AM,388,2635534,9016001006,О.Орхон,,Улаанбаатар Сүхбаатар 1-р хороо энхтайвны өргөн чөлөө өөрийн байр 19,https://www.frc.mn:5001/api/frc/entity?id=13&otid=0
,,,,,,,,,,,,,,,,,https://www.frc.mn:5001/api/frc/entity?id=13&otid=0,125592766571188,Даатгал,Даатгалын байгууллагад аудит хийх,&quot;МЭДЭЭЛЭЛ-АУДИТ&quot;ХХК,26,10/8/2014 12:00:00 AM,336,2703939,9018001023,Д.Товуудорж,,Улаанбаатар Баянгол 17-р хороо Амарсанаагийн 47 JDS ТӨВ 505,https://www.frc.mn:5001/api/frc/entity?id=13&otid=0
,,,,,,,,,,,,,,,,,https://www.frc.mn:5001/api/frc/entity?id=13&otid=0,125592766571188,Даатгал,"Даатгалын байгууллагад аудит хийх,  ҮЦЗЗ-д оролцогчид аудитын үйлчилгээ үзүүлэх",&quot;ИХ МОНГОЛ ХӨЛӨГ АУДИТ&quot;ХХК,25,9/17/2014 12:00:00 AM,305,3856399,9011430010,С.Тунгалаг,,Улаанбаатар Баянгол 2-р хороо Энхтайвны өргөн чөлөө Гранд плаза цогцолбор 808,https://www.frc.mn:5001/api/frc/entity?id=13&otid=0
,,,,,,,,,,,,,,,,,https://www.frc.mn:5001/api/frc/entity?id=13&otid=0,125592766571188,Даатгал,"Даатгалын байгууллагад аудит хийх,  ҮЦЗЗ-д оролцогчид аудитын үйлчилгээ үзүүлэх",&quot;ИХ МОНГОЛ ХӨЛӨГ АУДИТ&quot;ХХК,25,9/17/2014 12:00:00 AM,,3856399,9011430010,С.Тунгалаг,,Улаанбаатар Баянгол 2-р хороо Энхтайвны өргөн чөлөө Гранд плаза цогцолбор 808,https://www.frc.mn:5001/api/frc/entity?id=13&otid=0
,,,,,,,,,,,,,,,,,https://www.frc.mn:5001/api/frc/entity?id=13&otid=0,125592766571188,Даатгал,Банк зуучлагч,Ариг банк,210/31,8/6/2014 12:00:00 AM,292,2111683,9016001005,О.Хүрэлбаатар,,"Улаанбаатар Хан-Уул 1-р хороо Чингисийн өргөн чөлөө, 26 1401",https://www.frc.mn:5001/api/frc/entity?id=13&otid=0
,,,,,,,,,,,,,,,,,https://www.frc.mn:5001/api/frc/entity?id=13&otid=0,125592766571188,Даатгал,Даатгалын зуучлагч/Шууд даатгалын/,Ваяснью солюшн,210/29,6/25/2014 12:00:00 AM,237,5794404,9011457108,Ц.Гүнжлхам,,Улаанбаатар Баянзүрх 4-р хороо 15 хороолол 111 47,https://www.frc.mn:5001/api/frc/entity?id=13&otid=0
,,,,,,,,,,,,,,,,,https://www.frc.mn:5001/api/frc/entity?id=13&otid=0,125592766571188,Даатгал,"Банк зуучлагч,  Кастодианы үйл ажиллагаа эрхлэх",Худалдаа хөгжлийн банк,210/28,6/11/2014 12:00:00 AM,197,2635534,9016001006,О.Орхон,,Улаанбаатар Сүхбаатар 1-р хороо энхтайвны өргөн чөлөө өөрийн байр 19,https://www.frc.mn:5001/api/frc/entity?id=13&otid=0
,,,,,,,,,,,,,,,,,https://www.frc.mn:5001/api/frc/entity?id=13&otid=0,125592766571188,Даатгал,"Даатгалын хохирол үнэлэгч,  Даатгалын хохирол үнэлэгч",&quot;МАСТЕР ҮНЭЛГЭЭ&quot;,233/17,5/21/2014 12:00:00 AM,169,5821665,9011471089,П.Дашпэлжээ,,Улаанбаатар Сүхбаатар 1-р хороо Жамкъян Гүний гудамж &quot;Хаан даатгал&quot; ХХК-ийн байр 001,https://www.frc.mn:5001/api/frc/entity?id=13&otid=0
,,,,,,,,,,,,,,,,,https://www.frc.mn:5001/api/frc/entity?id=13&otid=0,125592766571188,Даатгал,Даатгалын зуучлагч/Шууд даатгалын/,Сүрэг хараацай,210/26,3/26/2014 12:00:00 AM,94,5808804,9011453128,Б.Бүрэнзэвсэг,,   ЭРЧИМ ХҮЧНИЙ ГУДАМЖ Шинэ тулга од ХХК байр 02,https://www.frc.mn:5001/api/frc/entity?id=13&otid=0
,,,,,,,,,,,,,,,,,https://www.frc.mn:5001/api/frc/entity?id=13&otid=0,125592766571188,Даатгал,"Даатгалын байгууллагад аудит хийх,  ҮЦЗЗ-д оролцогчид аудитын үйлчилгээ үзүүлэх",&quot;БЭСТ ФОРТУНА АУДИТ&quot;ХХК,18,2/26/2014 12:00:00 AM,62,5345847,9018001054,Ж.Оюунцэцэг,,Улаанбаатар Сүхбаатар 1-р хороо - &quot;Монгол эмимпекс концерн&quot; ХХК-ийн байр 200,https://www.frc.mn:5001/api/frc/entity?id=13&otid=0
,,,,,,,,,,,,,,,,,https://www.frc.mn:5001/api/frc/entity?id=13&otid=0,125592766571188,Даатгал,"Даатгалын байгууллагад аудит хийх,  ҮЦЗЗ-д оролцогчид аудитын үйлчилгээ үзүүлэх",&quot;БЭСТ ФОРТУНА АУДИТ&quot;ХХК,18,2/26/2014 12:00:00 AM,,5345847,9018001054,Ж.Оюунцэцэг,,Улаанбаатар Сүхбаатар 1-р хороо - &quot;Монгол эмимпекс концерн&quot; ХХК-ийн байр 200,https://www.frc.mn:5001/api/frc/entity?id=13&otid=0
,,,,,,,,,,,,,,,,,https://www.frc.mn:5001/api/frc/entity?id=13&otid=0,125592766571188,Даатгал,Даатгалын хохирол үнэлэгч,&quot;ХОС СТАНДАРТ&quot;,233/15,2/26/2014 12:00:00 AM,50,5713706,9011413143,Г.Баттулга,,Улаанбаатар Сүхбаатар 8-р хороо - &quot;ДХНЗБ&quot;ХХК-ийн байр ,https://www.frc.mn:5001/api/frc/entity?id=13&otid=0
,,,,,,,,,,,,,,,,,https://www.frc.mn:5001/api/frc/entity?id=13&otid=0,125592766571188,Даатгал,Даатгалын байгууллагад аудит хийх,&quot;ГРАНТ ТОРНТОН АУДИТ&quot; ХХК,5./47,2/12/2014 12:00:00 AM,40,2577542,9018001039,Б.Осоргарав,,Улаанбаатар Чингэлтэй 5-р хороо Их тойруу Премиум палас 714 тоот,https://www.frc.mn:5001/api/frc/entity?id=13&otid=0
,,,,,,,,,,,,,,,,,https://www.frc.mn:5001/api/frc/entity?id=13&otid=0,125592766571188,Даатгал,Даатгалын байгууллагад аудит хийх,&quot;НИЙСЛЭЛ-АУДИТ&quot;ХХК,5./46,2/12/2014 12:00:00 AM,40,5009766,9011005110,Т.Сугарсүрэн,,Улаанбаатар Сүхбаатар 6-р хороо Бага тойруу 44 байр 1 тоот,https://www.frc.mn:5001/api/frc/entity?id=13&otid=0
,,,,,,,,,,,,,,,,,https://www.frc.mn:5001/api/frc/entity?id=13&otid=0,125592766571188,Даатгал,"Даатгалын байгууллагад аудит хийх,  ҮЦЗЗ-д оролцогчид аудитын үйлчилгээ үзүүлэх",&quot;ФИСКАЛ-АУДИТ&quot;ХХК,17,2/12/2014 12:00:00 AM,42,5384567,9018001055,Д.Алтантөгс,,Улаанбаатар Сүхбаатар 1-р хороо Чингисийн өргөн чөлөө Бизнес плаза-1 506,https://www.frc.mn:5001/api/frc/entity?id=13&otid=0
,,,,,,,,,,,,,,,,,https://www.frc.mn:5001/api/frc/entity?id=13&otid=0,125592766571188,Даатгал,"Даатгалын байгууллагад аудит хийх,  ҮЦЗЗ-д оролцогчид аудитын үйлчилгээ үзүүлэх",&quot;ФИСКАЛ-АУДИТ&quot;ХХК,42,2/12/2014 12:00:00 AM,43,5384567,9018001055,Д.Алтантөгс,,Улаанбаатар Сүхбаатар 1-р хороо Чингисийн өргөн чөлөө Бизнес плаза-1 506,https://www.frc.mn:5001/api/frc/entity?id=13&otid=0
,,,,,,,,,,,,,,,,,https://www.frc.mn:5001/api/frc/entity?id=13&otid=0,125592766571188,Даатгал,"Даатгалын байгууллагад аудит хийх,  ҮЦЗЗ-д оролцогчид аудитын үйлчилгээ үзүүлэх",&quot;АЛАГ УУЛ ФИНАНС АУДИТ&quot;ХХК,15,1/29/2014 12:00:00 AM,38,5544173,9018001071,Ж.Ундрахгэрэл,,   Улаанбаатар Баянзүрх дүүрэг 43-р хороо Манлайбаатар Дамдинсүрэн гудамж UB тауэр оффис 303 тоот,https://www.frc.mn:5001/api/frc/entity?id=13&otid=0
,,,,,,,,,,,,,,,,,https://www.frc.mn:5001/api/frc/entity?id=13&otid=0,125592766571188,Даатгал,"Даатгалын байгууллагад аудит хийх,  ҮЦЗЗ-д оролцогчид аудитын үйлчилгээ үзүүлэх",&quot;ЭРНСТ ЭНД ЯНГ МОНГОЛИЯ АУДИТ&quot; ХХК,11,1/29/2014 12:00:00 AM,23,2665247,9019015029,Д.Мандахбаяр,,Улаанбаатар Сүхбаатар 4-р хороо Сөүлийн гудамж Найман зовхис бюлдин 200 тоот,https://www.frc.mn:5001/api/frc/entity?id=13&otid=0
,,,,,,,,,,,,,,,,,https://www.frc.mn:5001/api/frc/entity?id=13&otid=0,125592766571188,Даатгал,"Даатгалын хохирол үнэлэгч,  ҮЦЗЗ-д оролцогчид үнэлгээ хийх",&quot;АРВИЖИХ ЭСТИМЭЙТ ҮНЭЛГЭЭ&quot; ХХК,12,1/29/2014 12:00:00 AM,,5370213,9011229062,Д.Отгонцагаан,,Улаанбаатар Сүхбаатар 6-р хороо Камин галарей 23 тоот ,https://www.frc.mn:5001/api/frc/entity?id=13&otid=0
,,,,,,,,,,,,,,,,,https://www.frc.mn:5001/api/frc/entity?id=13&otid=0,125592766571188,Даатгал,"Даатгалын хохирол үнэлэгч,  ҮЦЗЗ-д оролцогчид үнэлгээ хийх",&quot;Хөрөнгийн үнэлгээний төв&quot; ХХК,11,1/29/2014 12:00:00 AM,,2545411,9011115011,Г.Наранцэцэг,,Улаанбаатар Чингэлтэй 4-р хороо Жуулчны гудамж 19 байр &quot;Хишиг төв&quot;-703Б тоот,https://www.frc.mn:5001/api/frc/entity?id=13&otid=0
,,,,,,,,,,,,,,,,,https://www.frc.mn:5001/api/frc/entity?id=13&otid=0,125592766571188,Даатгал,"Даатгалын хохирол үнэлэгч,  ҮЦЗЗ-д оролцогчид үнэлгээ хийх",Лэндс ХХК,08,1/29/2014 12:00:00 AM,,2110881,9011357105,Д.Ганхуяг,,Улаанбаатар Чингэлтэй 1-р хороо 40 мянгат 19 02 тоот,https://www.frc.mn:5001/api/frc/entity?id=13&otid=0
,,,,,,,,,,,,,,,,,https://www.frc.mn:5001/api/frc/entity?id=13&otid=0,125592766571188,Даатгал,Даатгалын байгууллагад аудит хийх,&quot;АЛТАН ЖОЛОО-АУДИТ&quot;ХХК,5./40,1/15/2014 12:00:00 AM,09,2113902,9018091008,П.Рэнцэнмядаг,,Улаанбаатар Баянзүрх 4-р хороо Хил хамгаалахын замын ард МТ клонкын зүүн хойно ,https://www.frc.mn:5001/api/frc/entity?id=13&otid=0
,,,,,,,,,,,,,,,,,https://www.frc.mn:5001/api/frc/entity?id=13&otid=0,125592766571188,Даатгал,Даатгалын байгууллагад аудит хийх,&quot;БОДИТБҮРТГЭЛ АУДИТ&quot;ХХК,5./45,1/15/2014 12:00:00 AM,09,5190363,9018001018,,,Улаанбаатар Чингэлтэй 2-р хороо Их тойруу-15 Пинтолан ХХК-ийн байр 101,https://www.frc.mn:5001/api/frc/entity?id=13&otid=0
,,,,,,,,,,,,,,,,,https://www.frc.mn:5001/api/frc/entity?id=13&otid=0,125592766571188,Даатгал,Даатгалын байгууллагад аудит хийх,ГРОУТ ФИНАНС АУДИТ ХХК,5./42,1/15/2014 12:00:00 AM,09,5742293,9018001078,Б.Бямба,,Улаанбаатар Баянгол 2-р хороо Сөүлийн гудамж Эрхи төвийн 6-р давхар 603 тоот,https://www.frc.mn:5001/api/frc/entity?id=13&otid=0
,,,,,,,,,,,,,,,,,https://www.frc.mn:5001/api/frc/entity?id=13&otid=0,125592766571188,Даатгал,"Даатгалын байгууллагад аудит хийх,  ҮЦЗЗ-д оролцогчид аудитын үйлчилгээ үзүүлэх",&quot;АЛАГ УУЛ ФИНАНС АУДИТ&quot;ХХК,5./41,1/15/2014 12:00:00 AM,09,5544173,9018001071,Ж.Ундрахгэрэл,,   Улаанбаатар Баянзүрх дүүрэг 43-р хороо Манлайбаатар Дамдинсүрэн гудамж UB тауэр оффис 303 тоот,https://www.frc.mn:5001/api/frc/entity?id=13&otid=0
,,,,,,,,,,,,,,,,,https://www.frc.mn:5001/api/frc/entity?id=13&otid=0,125592766571188,Даатгал,Даатгалын хохирол үнэлэгч,&quot;БОДИТ ҮНЭЛГЭЭ&quot;,233/13,10/2/2013 12:00:00 AM,367,5605636,9011356016,Б.Боргилбаатар,,Улаанбаатар Чингэлтэй 4-р хороо Сүхбаатарын гудамж Цэцээ гүн оффис 305,https://www.frc.mn:5001/api/frc/entity?id=13&otid=0
,,,,,,,,,,,,,,,,,https://www.frc.mn:5001/api/frc/entity?id=13&otid=0,125592766571188,Даатгал,Банк зуучлагч,Төрийн банк,210/23,9/18/2013 12:00:00 AM,296,5341469,9016001018,,,Улаанбаатар Чингэлтэй 1-р хороо Бага тойруу  7-1 тоот,https://www.frc.mn:5001/api/frc/entity?id=13&otid=0
,,,,,,,,,,,,,,,,,https://www.frc.mn:5001/api/frc/entity?id=13&otid=0,125592766571188,Даатгал,"Даатгалын хохирол үнэлэгч,  ҮЦЗЗ-д оролцогчид үнэлгээ хийх",&quot;АРВИЖИХ ЭСТИМЭЙТ ҮНЭЛГЭЭ&quot; ХХК,12,9/18/2013 12:00:00 AM,22,5370213,9011229062,Д.Отгонцагаан,,Улаанбаатар Сүхбаатар 6-р хороо Камин галарей 23 тоот ,https://www.frc.mn:5001/api/frc/entity?id=13&otid=0
,,,,,,,,,,,,,,,,,https://www.frc.mn:5001/api/frc/entity?id=13&otid=0,125592766571188,Даатгал,"Даатгалын байгууллагад аудит хийх,  ҮЦЗЗ-д оролцогчид аудитын үйлчилгээ үзүүлэх",&quot;ЭРНСТ ЭНД ЯНГ МОНГОЛИЯ АУДИТ&quot; ХХК,12,5/8/2013 12:00:00 AM,23,2665247,9019015029,Д.Мандахбаяр,,Улаанбаатар Сүхбаатар 4-р хороо Сөүлийн гудамж Найман зовхис бюлдин 200 тоот,https://www.frc.mn:5001/api/frc/entity?id=13&otid=0
,,,,,,,,,,,,,,,,,https://www.frc.mn:5001/api/frc/entity?id=13&otid=0,125592766571188,Даатгал,Даатгалын байгууллагад аудит хийх,&quot;ГРАНТ ТОРНТОН АУДИТ&quot; ХХК,11,2/27/2013 12:00:00 AM,23,2577542,9018001039,Б.Осоргарав,,Улаанбаатар Чингэлтэй 5-р хороо Их тойруу Премиум палас 714 тоот,https://www.frc.mn:5001/api/frc/entity?id=13&otid=0
,,,,,,,,,,,,,,,,,https://www.frc.mn:5001/api/frc/entity?id=13&otid=0,125592766571188,Даатгал,Даатгалын байгууллагад аудит хийх,&quot;ОНЧ АУДИТ&quot; ХХК,10,2/6/2013 12:00:00 AM,23,2810743,9018001003,Ш.Норжинбат,,Улаанбаатар Сүхбаатар 1-р хороо Жамьян гүн гудамж ОУХТөв цамхаг 15 давхарт,https://www.frc.mn:5001/api/frc/entity?id=13&otid=0
,,,,,,,,,,,,,,,,,https://www.frc.mn:5001/api/frc/entity?id=13&otid=0,125592766571188,Даатгал,Даатгалын байгууллагад аудит хийх,&quot;БАЯН ТАШААГИЙН ЭХ-АУДИТ&quot; ХХК,5/36,1/23/2013 12:00:00 AM,32,3125432,9018001058,Т.ХОРОЛСҮРЭН,,Улаанбаатар Баянгол 5-р хороо  Техник импорт ХК-ийн байр 401 тоот,https://www.frc.mn:5001/api/frc/entity?id=13&otid=0
,,,,,,,,,,,,,,,,,https://www.frc.mn:5001/api/frc/entity?id=13&otid=0,125592766571188,Даатгал,Даатгалын байгууллагад аудит хийх,&quot;УЛИАСТАЙ ВАН АУДИТ&quot; ХХК,5/39,1/23/2013 12:00:00 AM,105,5517435,9011308110,П.Ганцолмон,,Улаанбаатар Баянзүрх 1-р хороо Энхтайвны өргөн чөлөө ХААХХ-ны байр 303,https://www.frc.mn:5001/api/frc/entity?id=13&otid=0
,,,,,,,,,,,,,,,,,https://www.frc.mn:5001/api/frc/entity?id=13&otid=0,125592766571188,Даатгал,"Даатгалын байгууллагад аудит хийх,  ҮЦЗЗ-д оролцогчид аудитын үйлчилгээ үзүүлэх",&quot;БЭСТ ФОРТУНА АУДИТ&quot;ХХК,5/35,1/23/2013 12:00:00 AM,32,5345847,9018001054,Ж.Оюунцэцэг,,Улаанбаатар Сүхбаатар 1-р хороо - &quot;Монгол эмимпекс концерн&quot; ХХК-ийн байр 200,https://www.frc.mn:5001/api/frc/entity?id=13&otid=0
,,,,,,,,,,,,,,,,,https://www.frc.mn:5001/api/frc/entity?id=13&otid=0,125592766571188,Даатгал,"Даатгалын байгууллагад аудит хийх,  ҮЦЗЗ-д оролцогчид аудитын үйлчилгээ үзүүлэх",БДО аудит ХХК,5/38,1/23/2013 12:00:00 AM,32,2546442,9018001010,Г.Баянмөнх,,Улаанбаатар Сүхбаатар 1-р хороо Централ тауэр  1304 тоот,https://www.frc.mn:5001/api/frc/entity?id=13&otid=0
,,,,,,,,,,,,,,,,,https://www.frc.mn:5001/api/frc/entity?id=13&otid=0,125592766571188,Даатгал,Даатгалын хохирол үнэлэгч,&quot;АШИД БИЛГҮҮН&quot;,233/10,1/23/2013 12:00:00 AM,28,5643678,9011364091,Ч.Жамьян,,Улаанбаатар Сүхбаатар 5-р хороо 5-р хороолол 2-р байр 46 тоот,https://www.frc.mn:5001/api/frc/entity?id=13&otid=0
,,,,,,,,,,,,,,,,,https://www.frc.mn:5001/api/frc/entity?id=13&otid=0,125592766571188,Даатгал,Банк зуучлагч,Хас банк,210/18,12/26/2012 12:00:00 AM,386,2578697,9019024051,Д.Бат-Очир,,"Улаанбаатар Чингэлтэй 1-р хороо Ерөнхий сайд Амарын гудамж, Х Холбооны 20а дугаар салбар ",https://www.frc.mn:5001/api/frc/entity?id=13&otid=0
,,,,,,,,,,,,,,,,,https://www.frc.mn:5001/api/frc/entity?id=13&otid=0,125592766571188,Даатгал,Даатгалын зуучлагч/Шууд даатгалын/,Эрсдэлийн шийдэл,210/52,12/26/2012 12:00:00 AM,382,5649951,9011379020,Б.Билгүүн,,Улаанбаатар Хан-Уул 4-р хороо Арцатын задгай UB Автоком Худалдааны төв Аблок-01,https://www.frc.mn:5001/api/frc/entity?id=13&otid=0
,,,,,,,,,,,,,,,,,https://www.frc.mn:5001/api/frc/entity?id=13&otid=0,125592766571188,Даатгал,Даатгалын зуучлагч/Шууд даатгалын/,Эс ай би эс,210/20,12/26/2012 12:00:00 AM,199,5599636,9011347135,А.Ариунзаяа,,Улаанбаатар Хан-Уул 1-р хороо  Залуу монгол оффис 506,https://www.frc.mn:5001/api/frc/entity?id=13&otid=0
,,,,,,,,,,,,,,,,,https://www.frc.mn:5001/api/frc/entity?id=13&otid=0,125592766571188,Даатгал,Банк зуучлагч,Капитрон банк,8,12/12/2012 12:00:00 AM,365,2677377,9016001012,,,Улаанбаатар Сүхбаатар 1-р хороо Энхтайвны өргөн чөлөө Капитрон банкны байр ,https://www.frc.mn:5001/api/frc/entity?id=13&otid=0
,,,,,,,,,,,,,,,,,https://www.frc.mn:5001/api/frc/entity?id=13&otid=0,125592766571188,Даатгал,Банк зуучлагч,Хаан банк,210/17,8/8/2012 12:00:00 AM,234,2693321,9016001011,Н.Като,,Улаанбаатар Сүхбаатар 4-р хороо Сөүлийн гудамж  5-25 тоот,https://www.frc.mn:5001/api/frc/entity?id=13&otid=0
,,,,,,,,,,,,,,,,,https://www.frc.mn:5001/api/frc/entity?id=13&otid=0,125592766571188,Даатгал,"Даатгалын байгууллагад аудит хийх,  ҮЦЗЗ-д оролцогчид аудитын үйлчилгээ үзүүлэх",&quot;СҮЛД-АУДИТ&quot; ХХК,06,8/8/2012 12:00:00 AM,23,2867656,9018001026,Ч.Гүндбаяр,,Улаанбаатар Сүхбаатар 8-р хороо Бага тойруу Жи Би Центр 5 давхар 502,https://www.frc.mn:5001/api/frc/entity?id=13&otid=0
,,,,,,,,,,,,,,,,,https://www.frc.mn:5001/api/frc/entity?id=13&otid=0,125592766571188,Даатгал,"Даатгалын байгууллагад аудит хийх,  ҮЦЗЗ-д оролцогчид аудитын үйлчилгээ үзүүлэх",БДО аудит ХХК,03,8/8/2012 12:00:00 AM,346,2546442,9018001010,Г.Баянмөнх,,Улаанбаатар Сүхбаатар 1-р хороо Централ тауэр  1304 тоот,https://www.frc.mn:5001/api/frc/entity?id=13&otid=0
,,,,,,,,,,,,,,,,,https://www.frc.mn:5001/api/frc/entity?id=13&otid=0,125592766571188,Даатгал,"Даатгалын байгууллагад аудит хийх,  ҮЦЗЗ-д оролцогчид аудитын үйлчилгээ үзүүлэх",БДО аудит ХХК,2,8/8/2012 12:00:00 AM,259,2546442,9018001010,Г.Баянмөнх,,Улаанбаатар Сүхбаатар 1-р хороо Централ тауэр  1304 тоот,https://www.frc.mn:5001/api/frc/entity?id=13&otid=0
,,,,,,,,,,,,,,,,,https://www.frc.mn:5001/api/frc/entity?id=13&otid=0,125592766571188,Даатгал,"Даатгалын байгууллагад аудит хийх,  ҮЦЗЗ-д оролцогчид аудитын үйлчилгээ үзүүлэх",Бэйкер тилли далайван Аудит ХХК,01,8/8/2012 12:00:00 AM,22,2018365,9018001041,Ж.ЖаргалсүрэнЦ.Жигдэн,,Улаанбаатар Баянгол 16-р хороо Амарсанаагийн гудамж-5  ,https://www.frc.mn:5001/api/frc/entity?id=13&otid=0
,,,,,,,,,,,,,,,,,https://www.frc.mn:5001/api/frc/entity?id=13&otid=0,125592766571188,Даатгал,"Даатгалын хохирол үнэлэгч,  ҮЦЗЗ-д оролцогчид үнэлгээ хийх",Лэндс ХХК,08,8/8/2012 12:00:00 AM,22,2110881,9011357105,Д.Ганхуяг,,Улаанбаатар Чингэлтэй 1-р хороо 40 мянгат 19 02 тоот,https://www.frc.mn:5001/api/frc/entity?id=13&otid=0
,,,,,,,,,,,,,,,,,https://www.frc.mn:5001/api/frc/entity?id=13&otid=0,125592766571188,Даатгал,Даатгалын зуучлагч/Шууд даатгалын/,Си эн эн икс,210/14,5/9/2012 12:00:00 AM,143,5504937,9011299103,Д.Нандин-Эрдэнэ,,Улаанбаатар Сүхбаатар 1-р хороо нарны зам гудамж 62Б 503 тоот,https://www.frc.mn:5001/api/frc/entity?id=13&otid=0
,,,,,,,,,,,,,,,,,https://www.frc.mn:5001/api/frc/entity?id=13&otid=0,125592766571188,Даатгал,Даатгалын зуучлагч/Шууд даатгалын/,Смарт брокерс,210/13,4/18/2012 12:00:00 AM,112,5558093,9011329130,Д.Солонго,,Улаанбаатар Сүхбаатар 9-р хороо   Алтайн 367-305 тоот,https://www.frc.mn:5001/api/frc/entity?id=13&otid=0
,,,,,,,,,,,,,,,,,https://www.frc.mn:5001/api/frc/entity?id=13&otid=0,125592766571188,Даатгал,"Ердийн даатгал,  Ердийн даатгал",Хаан даатгал,2./22,3/14/2012 12:00:00 AM,59,5504082,9011303019,Л.Оргил,,Улаанбаатар Сүхбаатар 1-р хороо Жамъян гүний гудамж Хаан даатгал ХХК-ийн байр Утас:70000808,https://www.frc.mn:5001/api/frc/entity?id=13&otid=0
,,,,,,,,,,,,,,,,,https://www.frc.mn:5001/api/frc/entity?id=13&otid=0,125592766571188,Даатгал,Даатгалын зуучлагч/Шууд даатгалын/,Нэйшнл эженси,210/12,2/15/2012 12:00:00 AM,32,3743772,1311009023,Г.Ариунбаяр,,    &quot;Нэйшнл эженси&quot;ХХК-ийн байр ,https://www.frc.mn:5001/api/frc/entity?id=13&otid=0
,,,,,,,,,,,,,,,,,https://www.frc.mn:5001/api/frc/entity?id=13&otid=0,125592766571188,Даатгал,Даатгалын байгууллагад аудит хийх,&quot;НАЙДВАР-ОД&quot; АУДИТ ХХК,5/28.,1/18/2012 12:00:00 AM,05,4383699,2011014052,Б.Алтанпүрэв,,"Орхон Баян-Өндөр 1-р баг, Зэст Уурхайчин Төгөлдөр төв 409",https://www.frc.mn:5001/api/frc/entity?id=13&otid=0
,,,,,,,,,,,,,,,,,https://www.frc.mn:5001/api/frc/entity?id=13&otid=0,125592766571188,Даатгал,Даатгалын байгууллагад аудит хийх,&quot;СИ ЭС АЙ АУДИТ&quot; ХХК,5/32.,1/18/2012 12:00:00 AM,05,5303001,9018001044,М.Сэвжидмаа,,Улаанбаатар Чингэлтэй 4-р хороо Сүхбаатарын гудамж Цэцээ гүн 206,https://www.frc.mn:5001/api/frc/entity?id=13&otid=0
,,,,,,,,,,,,,,,,,https://www.frc.mn:5001/api/frc/entity?id=13&otid=0,125592766571188,Даатгал,Даатгалын байгууллагад аудит хийх,&quot;ЭНИЧ-АУДИТ&quot;ХХК,5/22.,1/18/2012 12:00:00 AM,05,2811391,9018001011,Г.Чинтуяа,,Улаанбаатар Сүхбаатар 2-р хороо 5-р хороолол Сөүл 11/1 байр 502,https://www.frc.mn:5001/api/frc/entity?id=13&otid=0
,,,,,,,,,,,,,,,,,https://www.frc.mn:5001/api/frc/entity?id=13&otid=0,125592766571188,Даатгал,Даатгалын байгууллагад аудит хийх,ЛАЙЭН АУДИТ ХХК,5/24.,1/18/2012 12:00:00 AM,05,5411521,9018001049,Г.Дэлгэрцэцэг,,Улаанбаатар Баянгол 6-р хороо - Кекүшкюү цамхаг 1204,https://www.frc.mn:5001/api/frc/entity?id=13&otid=0
,,,,,,,,,,,,,,,,,https://www.frc.mn:5001/api/frc/entity?id=13&otid=0,125592766571188,Даатгал,"Даатгалын байгууллагад аудит хийх,  ҮЦЗЗ-д оролцогчид аудитын үйлчилгээ үзүүлэх",&quot;ФИСКАЛ-АУДИТ&quot;ХХК,5/26.,1/18/2012 12:00:00 AM,05,5384567,9018001055,Д.Алтантөгс,,Улаанбаатар Сүхбаатар 1-р хороо Чингисийн өргөн чөлөө Бизнес плаза-1 506,https://www.frc.mn:5001/api/frc/entity?id=13&otid=0
,,,,,,,,,,,,,,,,,https://www.frc.mn:5001/api/frc/entity?id=13&otid=0,125592766571188,Даатгал,"Даатгалын байгууллагад аудит хийх,  ҮЦЗЗ-д оролцогчид аудитын үйлчилгээ үзүүлэх",&quot;ЭРНСТ ЭНД ЯНГ МОНГОЛИЯ АУДИТ&quot; ХХК,5/30.,1/18/2012 12:00:00 AM,05,2665247,9019015029,Д.Мандахбаяр,,Улаанбаатар Сүхбаатар 4-р хороо Сөүлийн гудамж Найман зовхис бюлдин 200 тоот,https://www.frc.mn:5001/api/frc/entity?id=13&otid=0
,,,,,,,,,,,,,,,,,https://www.frc.mn:5001/api/frc/entity?id=13&otid=0,125592766571188,Даатгал,"Даатгалын хохирол үнэлэгч,  ҮЦЗЗ-д оролцогчид үнэлгээ хийх",&quot;АРВИЖИХ ЭСТИМЭЙТ ҮНЭЛГЭЭ&quot; ХХК,233/09,11/23/2011 12:00:00 AM,330,5370213,9011229062,Д.Отгонцагаан,,Улаанбаатар Сүхбаатар 6-р хороо Камин галарей 23 тоот ,https://www.frc.mn:5001/api/frc/entity?id=13&otid=0
,,,,,,,,,,,,,,,,,https://www.frc.mn:5001/api/frc/entity?id=13&otid=0,125592766571188,Даатгал,Ердийн даатгал,Мандал даатгал,2./21,6/2/2011 12:00:00 AM,146,5473489,9019058050,Б.Энхтүвшин,,"Улаанбаатар Сүхбаатар 1-р хороо Чингисийн өргөн чөлөө Парк плэйс оффисын барилга, 1.3.5 дугаар давхар Утас: 75752000",https://www.frc.mn:5001/api/frc/entity?id=13&otid=0
,,,,,,,,,,,,,,,,,https://www.frc.mn:5001/api/frc/entity?id=13&otid=0,125592766571188,Даатгал,"Даатгалын хохирол үнэлэгч,  ҮЦЗЗ-д оролцогчид үнэлгээ хийх",&quot;Хөрөнгийн үнэлгээний төв&quot; ХХК,233/07,1/13/2011 12:00:00 AM,02,2545411,9011115011,Г.Наранцэцэг,,Улаанбаатар Чингэлтэй 4-р хороо Жуулчны гудамж 19 байр &quot;Хишиг төв&quot;-703Б тоот,https://www.frc.mn:5001/api/frc/entity?id=13&otid=0
,,,,,,,,,,,,,,,,,https://www.frc.mn:5001/api/frc/entity?id=13&otid=0,125592766571188,Даатгал,Даатгалын зуучлагч/Шууд даатгалын/,Монголиан интернэшнл брокерс ХХК,210/10,12/9/2010 12:00:00 AM,385,5415845,9011241123,Ч.Юк Линг,,Улаанбаатар Сүхбаатар 1-р хороо Нарны зам гудамж Юнион Бьюлдинг С блок 805,https://www.frc.mn:5001/api/frc/entity?id=13&otid=0
,,,,,,,,,,,,,,,,,https://www.frc.mn:5001/api/frc/entity?id=13&otid=0,125592766571188,Даатгал,Даатгалын зуучлагч/Шууд даатгалын/,Ренессанс групп,210/08,4/28/2010 12:00:00 AM,100,5364329,9011225059,Д.Энхмаа,,Улаанбаатар Сүхбаатар 1-р хороо Энхтайвны өргөн чөлөө 10/5 компаний байр 608 тоот.,https://www.frc.mn:5001/api/frc/entity?id=13&otid=0
,,,,,,,,,,,,,,,,,https://www.frc.mn:5001/api/frc/entity?id=13&otid=0,125592766571188,Даатгал,Даатгалын хохирол үнэлэгч,&quot;Гэрэгэ эстимэйт үнэлгээ&quot; ХХК,233/05,4/28/2010 12:00:00 AM,,5342961,9011215085,Д.Ганбаатар,,Улаанбаатар Баянгол 3-р хороо - Авто ХАБ төв 1 давхар,https://www.frc.mn:5001/api/frc/entity?id=13&otid=0
,,,,,,,,,,,,,,,,,https://www.frc.mn:5001/api/frc/entity?id=13&otid=0,125592766571188,Даатгал,"Даатгалын хохирол үнэлэгч,  ҮЦЗЗ-д оролцогчид үнэлгээ хийх",ФАЙН ЭСТИМЭЙТ ҮНЭЛГЭЭ ХХК,233/04,4/28/2010 12:00:00 AM,101,5353459,9011223011,Н.Цолмонгэрэл,,Улаанбаатар Чингэлтэй 6-р хороо - Ялалт плаза 1002 тоот,https://www.frc.mn:5001/api/frc/entity?id=13&otid=0
,,,,,,,,,,,,,,,,,https://www.frc.mn:5001/api/frc/entity?id=13&otid=0,125592766571188,Даатгал,Даатгалын зуучлагч/Шууд даатгалын/,Лояалти солюшн,210/07,3/24/2010 12:00:00 AM,56,5360293,9011228013,Б.Мөнгөнчимэг,,Улаанбаатар Чингэлтэй 1-р хороо Барилгачдын талбай Даатгалын төв ,https://www.frc.mn:5001/api/frc/entity?id=13&otid=0
,,,,,,,,,,,,,,,,,https://www.frc.mn:5001/api/frc/entity?id=13&otid=0,125592766571188,Даатгал,Даатгалын хохирол үнэлэгч,&quot;ВЕНДО &quot;,233/03,3/24/2010 12:00:00 AM,58,5202477,9011138091,Ц.Түвшинцэнгэл,,"Улаанбаатар Баянзүрх 13-р хороо Энхтайваны өргөн чөлөө гудамж, &quot;Дэлгэр тэс&quot; ХХК-ийн байр 1 давхар, 95/1",https://www.frc.mn:5001/api/frc/entity?id=13&otid=0
,,,,,,,,,,,,,,,,,https://www.frc.mn:5001/api/frc/entity?id=13&otid=0,125592766571188,Даатгал,Даатгалын байгууллагад аудит хийх,&quot;Б ЭНД С АУДИТ&quot;ХХК,5/4.,12/23/2009 12:00:00 AM,270,2549654,9018001001,,,Улаанбаатар Хан-Уул 3-р хороо Чингисийн өргөн чөлөө Орхон дунд сургууль 10-3 209,https://www.frc.mn:5001/api/frc/entity?id=13&otid=0
,,,,,,,,,,,,,,,,,https://www.frc.mn:5001/api/frc/entity?id=13&otid=0,125592766571188,Даатгал,Даатгалын байгууллагад аудит хийх,&quot;МЭДЭЭЛЭЛ-АУДИТ&quot;ХХК,5/11.,12/23/2009 12:00:00 AM,270,2703939,9018001023,Д.Товуудорж,,Улаанбаатар Баянгол 17-р хороо Амарсанаагийн 47 JDS ТӨВ 505,https://www.frc.mn:5001/api/frc/entity?id=13&otid=0
,,,,,,,,,,,,,,,,,https://www.frc.mn:5001/api/frc/entity?id=13&otid=0,125592766571188,Даатгал,Даатгалын байгууллагад аудит хийх,&quot;ПИ КЭЙ ЭФ МОНГОЛИА АУДИТ&quot;ХХК,5/10.,12/23/2009 12:00:00 AM,270,2565617,9018001031,А.Ачитмаа,,Улаанбаатар Баянгол 16-р хороо Амарсанаагийн гудамж Колорадо бизнес төв 202,https://www.frc.mn:5001/api/frc/entity?id=13&otid=0
,,,,,,,,,,,,,,,,,https://www.frc.mn:5001/api/frc/entity?id=13&otid=0,125592766571188,Даатгал,"Даатгалын байгууллагад аудит хийх,  ҮЦЗЗ-д оролцогчид аудитын үйлчилгээ үзүүлэх",&quot;СҮЛД-АУДИТ&quot; ХХК,5/15.,12/23/2009 12:00:00 AM,270,2867656,9018001026,Ч.Гүндбаяр,,Улаанбаатар Сүхбаатар 8-р хороо Бага тойруу Жи Би Центр 5 давхар 502,https://www.frc.mn:5001/api/frc/entity?id=13&otid=0
,,,,,,,,,,,,,,,,,https://www.frc.mn:5001/api/frc/entity?id=13&otid=0,125592766571188,Даатгал,Даатгалын хохирол үнэлэгч,&quot;БЭСТ ЭСТИМЕЙТ &quot;,233/02,11/23/2009 12:00:00 AM,229,5292298,9011188052,Ц.Сэргэлэн,,"Улаанбаатар Сүхбаатар 1-р хороо Нарны зам, Шинэ тэрэг плаза 506 тоот",https://www.frc.mn:5001/api/frc/entity?id=13&otid=0
,,,,,,,,,,,,,,,,,https://www.frc.mn:5001/api/frc/entity?id=13&otid=0,125592766571188,Даатгал,Даатгалын зуучлагч/Шууд даатгалын/,Асимон брокерс,210/06,5/26/2009 12:00:00 AM,133,2746468,9011189003,Ц.Отгонбаяр,,Улаанбаатар Сүхбаатар 1-р хороо Олимпын гудамж Гранд оффис 81,https://www.frc.mn:5001/api/frc/entity?id=13&otid=0
,,,,,,,,,,,,,,,,,https://www.frc.mn:5001/api/frc/entity?id=13&otid=0,125592766571188,Даатгал,Даатгалын зуучлагч/Шууд даатгалын/,Ачит-Ундарга,232/05,11/28/2008 12:00:00 AM,237,5228433,9011154020,Б.Даваадулам,,Улаанбаатар Сүхбаатар 1-р хороо Энхтайваны өргөн чөлөө Азмон центр 304,https://www.frc.mn:5001/api/frc/entity?id=13&otid=0
,,,,,,,,,,,,,,,,,https://www.frc.mn:5001/api/frc/entity?id=13&otid=0,125592766571188,Даатгал,Даатгалын зуучлагч/Шууд даатгалын/,Эм Жи Ай Би,210/04,3/28/2008 12:00:00 AM,67,5208505,9011137128,Б.Бямбажаргал,,Улаанбаатар Чингэлтэй 3-р хороо  Эрдэнийн тойрог барилга 5,https://www.frc.mn:5001/api/frc/entity?id=13&otid=0
,,,,,,,,,,,,,,,,,https://www.frc.mn:5001/api/frc/entity?id=13&otid=0,125592766571188,Даатгал,Урт хугацааны даатгал,Нэйшнл лайф даатгал ХХК,5/01.,1/31/2008 12:00:00 AM,08,5156955,9011104143,Г.Монголхүү,,"Улаанбаатар Сүхбаатар 1-р хороо Соёл амралтын хүрээлэн, Олимпын гудамж, 7/2 байр, Министер тауэр 102 тоот, Утас:70113366",https://www.frc.mn:5001/api/frc/entity?id=13&otid=0
,,,,,,,,,,,,,,,,,https://www.frc.mn:5001/api/frc/entity?id=13&otid=0,125592766571188,Даатгал,"Ердийн даатгал,  Ердийн даатгал",Ард даатгал,2./16,12/26/2007 12:00:00 AM,211,2062089,9019020137,Н.Эрдэнэтулга,,"Улаанбаатар Сүхбаатар 8-р хороо  Сэнтрал Тауэр 17 давхар, 1710 тоот Утас:77200088",https://www.frc.mn:5001/api/frc/entity?id=13&otid=0
,,,,,,,,,,,,,,,,,https://www.frc.mn:5001/api/frc/entity?id=13&otid=0,125592766571188,Даатгал,Ердийн даатгал,Монре даатгал,2./15,10/30/2007 12:00:00 AM,138,2027933,9017001006,Э.Даваасүрэн,,"   Үйлдвэрийн төвийн бүс, АвтоХаб-52, 201 тоот, Утас:77779000",https://www.frc.mn:5001/api/frc/entity?id=13&otid=0
,,,,,,,,,,,,,,,,,https://www.frc.mn:5001/api/frc/entity?id=13&otid=0,125592766571188,Даатгал,"Ердийн даатгал,  Ердийн даатгал",Ган зам даатгал,2./14,8/17/2007 12:00:00 AM,102,2810913,9017001011,В.Отгондэмбэрэл,,"Улаанбаатар Баянгол 2-р хороо Сөүлийн гудамж Одод цогцолбор Утас:21-242667, 21-242668",https://www.frc.mn:5001/api/frc/entity?id=13&otid=0
,,,,,,,,,,,,,,,,,https://www.frc.mn:5001/api/frc/entity?id=13&otid=0,125592766571188,Даатгал,"Ердийн даатгал,  Ердийн даатгал",Бодь даатгал,2./13,4/26/2007 12:00:00 AM,59,2088606,9017001007,А.Энхжаргал,,Улаанбаатар Чингэлтэй 6-р хороо Их эзэн Чингэс хааны талбай Бодь цамхаг 3 давхарт Утас:75054800 11-328311,https://www.frc.mn:5001/api/frc/entity?id=13&otid=0
,,,,,,,,,,,,,,,,,https://www.frc.mn:5001/api/frc/entity?id=13&otid=0,125592766571188,Даатгал,"Ердийн даатгал,  Ердийн даатгал",Тэнгэр даатгал,2./12,4/26/2007 12:00:00 AM,58,2648016,9017001018,Б.Баянмөнх,,Улаанбаатар Сүхбаатар 8-р хороо Алтангэрэлийн гудамж Сити центр барилгын 11 давхарт Утас:1800-1889,https://www.frc.mn:5001/api/frc/entity?id=13&otid=0
,,,,,,,,,,,,,,,,,https://www.frc.mn:5001/api/frc/entity?id=13&otid=0,125592766571188,Даатгал,"Ердийн даатгал,  Ердийн даатгал",Номин даатгал,2./11,4/5/2007 12:00:00 AM,40,2679698,9017001010,,,"Улаанбаатар Хан-Уул 20-р хороо Чингисийн өргөн чөлөө Номин Юнайтед цогцолбор, 4-р давхарт, Утас:1800-2888",https://www.frc.mn:5001/api/frc/entity?id=13&otid=0
,,,,,,,,,,,,,,,,,https://www.frc.mn:5001/api/frc/entity?id=13&otid=0,125592766571188,Даатгал,"Ердийн даатгал,  Ердийн даатгал",Улаанбаатар хотын даатгал,201/09,2/2/2007 12:00:00 AM,11,2706849,9017001019,М.Энхболд,,Улаанбаатар Чингэлтэй 5-р хороо  М Плаза төв 5 давхар Утас:70001234,https://www.frc.mn:5001/api/frc/entity?id=13&otid=0
,,,,,,,,,,,,,,,,,https://www.frc.mn:5001/api/frc/entity?id=13&otid=0,125592766571188,Даатгал,"Ердийн даатгал,  Ердийн даатгал",Амар даатгал,ТЗ 201/07,1/19/2007 12:00:00 AM,4,2804808,9017001009,Б.Хишигтөр,,Улаанбаатар Сүхбаатар 1-р хороо Энхтайваны өргөн чөлөө Блю Скай тауэр 20 дугаар давхар Утас:1800-2111,https://www.frc.mn:5001/api/frc/entity?id=13&otid=0
,,,,,,,,,,,,,,,,,https://www.frc.mn:5001/api/frc/entity?id=13&otid=0,125592766571188,Даатгал,"Ердийн даатгал,  Ердийн даатгал",Практикал даатгал,ТЗ 201/06,1/19/2007 12:00:00 AM,3,2813017,9017001002,Н.Түмэндэмбэрэл,,Улаанбаатар Сүхбаатар 3-р хороо Сөүлийн гудамж Алтанжолоо тауэр 11-р давхар Утас: 77776677,https://www.frc.mn:5001/api/frc/entity?id=13&otid=0
,,,,,,,,,,,,,,,,,https://www.frc.mn:5001/api/frc/entity?id=13&otid=0,125592766571188,Даатгал,Даатгалын зуучлагч/Шууд даатгалын/,Аме,210/01,12/26/2006 12:00:00 AM,65,2833964,9011197137,Д.Сарангуа,,Улаанбаатар Сүхбаатар 1-р хороо Энхтайвны өргөн чөлөө Амбасадор оффис 301 тоот,https://www.frc.mn:5001/api/frc/entity?id=13&otid=0
,,,,,,,,,,,,,,,,,https://www.frc.mn:5001/api/frc/entity?id=13&otid=0,125592766571188,Даатгал,Ердийн даатгал,МОНГОЛ ДААТГАЛ ХК,ТЗ 201/04,11/28/2006 12:00:00 AM,61,2032317,9019007024,,,"Улаанбаатар Сүхбаатар 4-р хороо Сөүлийн гудамж-23 Түшиг төв 101, 211 тоот Утас:1800-1990",https://www.frc.mn:5001/api/frc/entity?id=13&otid=0
,,,,,,,,,,,,,,,,,https://www.frc.mn:5001/api/frc/entity?id=13&otid=0,125592766571188,Даатгал,"Ердийн даатгал,  Ердийн даатгал",Миг даатгал,ТЗ 201/02,11/28/2006 12:00:00 AM,59,2094894,9017001008,С.Ануужин,,Улаанбаатар Сүхбаатар 1-р хороо Парисын гудамж 42 901 тоот Утас:7575-6000,https://www.frc.mn:5001/api/frc/entity?id=13&otid=0
,,,,,,,,,,,,,,,,,https://www.frc.mn:5001/api/frc/entity?id=13&otid=0,125592766571188,Даатгал,"Ердийн даатгал,  Ердийн даатгал",Мөнх даатгал,ТЗ 201/03,11/28/2006 12:00:00 AM,60,2809818,9017001005,М.Жалавдорж,,Улаанбаатар Хан-Уул 1-р хороо 19-р хороолол 39 Мөнх тауэр 10 давхар Утас:75991100,https://www.frc.mn:5001/api/frc/entity?id=13&otid=0
300.0,Ердийн даатгалын компани,sub,1.0,0.0,250.0,insurance,,main,mn,,,0.0,,,0.0,2022-06-14T00:02:22,https://www.frc.mn:5001/api/menu/getparentsub?id=13&site=main&lang=mn&status=1,,,,,,,,,,,,,https://www.frc.mn:5001/api/menu/getparentsub?id=13&site=main&lang=mn&status=1
301.0,Урт хугацааны даатгал компани,sub,1.0,0.0,250.0,longinsurance,,main,mn,,,0.0,,,0.0,2022-06-14T00:02:23,https://www.frc.mn:5001/api/menu/getparentsub?id=13&site=main&lang=mn&status=1,,,,,,,,,,,,,https://www.frc.mn:5001/api/menu/getparentsub?id=13&site=main&lang=mn&status=1
302.0,Давхар даатгалын компани,sub,1.0,0.0,250.0,reinsurance,,main,mn,,,0.0,,,0.0,2022-06-14T00:02:24,https://www.frc.mn:5001/api/menu/getparentsub?id=13&site=main&lang=mn&status=1,,,,,,,,,,,,,https://www.frc.mn:5001/api/menu/getparentsub?id=13&site=main&lang=mn&status=1
303.0,Даатгалын зуучлагч компани,sub,1.0,0.0,250.0,insurance-broker,,main,mn,,,0.0,,,0.0,2022-06-14T00:02:25,https://www.frc.mn:5001/api/menu/getparentsub?id=13&site=main&lang=mn&status=1,,,,,,,,,,,,,https://www.frc.mn:5001/api/menu/getparentsub?id=13&site=main&lang=mn&status=1
304.0,Даатгалын зуучлагч банк,sub,1.0,0.0,250.0,bank-broker,,main,mn,,,0.0,,,0.0,2022-06-14T00:02:26,https://www.frc.mn:5001/api/menu/getparentsub?id=13&site=main&lang=mn&status=1,,,,,,,,,,,,,https://www.frc.mn:5001/api/menu/getparentsub?id=13&site=main&lang=mn&status=1
305.0,Даатгалын хохирол үнэлэгч компани,sub,1.0,0.0,250.0,damage,,main,mn,,,0.0,,,0.0,2022-06-14T00:02:27,https://www.frc.mn:5001/api/menu/getparentsub?id=13&site=main&lang=mn&status=1,,,,,,,,,,,,,https://www.frc.mn:5001/api/menu/getparentsub?id=13&site=main&lang=mn&status=1
306.0,Даатгалын төлөөлөгч,sub,1.0,0.0,250.0,insreprensentative,,main,mn,,,0.0,,,0.0,2022-06-14T00:02:28,https://www.frc.mn:5001/api/menu/getparentsub?id=13&site=main&lang=mn&status=1,,,,,,,,,,,,,https://www.frc.mn:5001/api/menu/getparentsub?id=13&site=main&lang=mn&status=1
307.0,Даатгалын актуарч,sub,1.0,0.0,250.0,doc/list,,main,mn,,,0.0,,,0.0,2022-06-14T00:02:29,https://www.frc.mn:5001/api/menu/getparentsub?id=13&site=main&lang=mn&status=1,,,,,,,,,,,,,https://www.frc.mn:5001/api/menu/getparentsub?id=13&site=main&lang=mn&status=1
308.0,Даатгалын байгууллагад аудит хийх эрх бүхий компани,sub,1.0,0.0,250.0,org,,main,mn,,,0.0,,,0.0,2022-06-14T00:02:30,https://www.frc.mn:5001/api/menu/getparentsub?id=13&site=main&lang=mn&status=1,,,,,,,,,,,,,https://www.frc.mn:5001/api/menu/getparentsub?id=13&site=main&lang=mn&status=1
314.0,Даатгалын багц дүрэм,sub,1.0,0.0,251.0,doc/decree,,main,mn,,,0.0,,,0.0,2022-06-14T00:02:36,https://www.frc.mn:5001/api/menu/getparentsub?id=13&site=main&lang=mn&status=1,,,,,,,,,,,,,https://www.frc.mn:5001/api/menu/getparentsub?id=13&site=main&lang=mn&status=1
1961.0,Даатгалын компаниудын БОНЗ тайлан,sub,1.0,0.0,252.0,list,,main,mn,,,0.0,,,0.0,2026-04-28T10:42:52,https://www.frc.mn:5001/api/menu/getparentsub?id=13&site=main&lang=mn&status=1,,,,,,,,,,,,,https://www.frc.mn:5001/api/menu/getparentsub?id=13&site=main&lang=mn&status=1
1963.0,Ногоон даатгалын бүтээгдэхүүн,sub,1.0,0.0,252.0,doc/list,,main,mn,,,0.0,,,0.0,2026-04-28T10:44:04,https://www.frc.mn:5001/api/menu/getparentsub?id=13&site=main&lang=mn&status=1,,,,,,,,,,,,,https://www.frc.mn:5001/api/menu/getparentsub?id=13&site=main&lang=mn&status=1
322.0,Даатгалын байгууллагын тоон мэдээлэл,sub,1.0,0.0,256.0,doc/list,,main,mn,,,0.0,,,0.0,2022-06-14T00:02:44,https://www.frc.mn:5001/api/menu/getparentsub?id=13&site=main&lang=mn&status=1,,,,,,,,,,,,,https://www.frc.mn:5001/api/menu/getparentsub?id=13&site=main&lang=mn&status=1
